id,agent,category,hypothesis,direction,symbols_tested,regime_condition,holding_period,source,n_samples,metric_name,metric_value,pvalue,raw_detail,passed,refute_shuffle_pvalue,refute_shuffle_passed,refute_random_data_fp_rate,refute_random_data_passed,refute_reverse_direction_diff,refute_reverse_direction_passed,refute_period_exclusion_survived,refute_period_exclusion_passed,bias_test_type,signal_dtype,exploratory
R2-EV-01,signal_runner,900,R2-EV-01,long,SOXL,,next_bar,signal_defs.py,1259,spearman_r,-0.00715685586650162,0.7997324660999079,"Spearman r=-0.0072, p=0.7997, direction=long",False,0.6169154228855721,False,0.545,False,0.0,False,0.0,False,unconditional,float,True
R2-EV-01,signal_runner,900,R2-EV-01,long,SOXS,,next_bar,signal_defs.py,1259,spearman_r,0.008839604776235096,0.7540186599654478,"Spearman r=0.0088, p=0.7540, direction=long",False,0.3681592039800995,False,0.545,False,0.0,False,0.0,False,unconditional,float,True
R2-EV-01,signal_runner,900,R2-EV-01,long,TQQQ,,next_bar,signal_defs.py,1259,spearman_r,-0.011240736096309004,0.6902877533420024,"Spearman r=-0.0112, p=0.6903, direction=long",False,0.7014925373134329,False,0.545,False,0.0,False,1.0,True,unconditional,float,True
R2-EV-01,signal_runner,900,R2-EV-01,long,SQQQ,,next_bar,signal_defs.py,1259,spearman_r,0.008315740995940485,0.7681662431879048,"Spearman r=0.0083, p=0.7682, direction=long",False,0.3383084577114428,False,0.545,False,0.0,False,1.0,True,unconditional,float,True
R2-EV-01,signal_runner,900,R2-EV-01,long,TECL,,next_bar,signal_defs.py,1259,spearman_r,-0.011606971092292926,0.6807441746755831,"Spearman r=-0.0116, p=0.6807, direction=long",False,0.681592039800995,False,0.545,False,0.0,False,0.0,False,unconditional,float,True
R2-EV-01,signal_runner,900,R2-EV-01,long,TECS,,next_bar,signal_defs.py,1259,spearman_r,0.01078231814631269,0.7023030043499519,"Spearman r=0.0108, p=0.7023, direction=long",False,0.3333333333333333,False,0.545,False,0.0,False,0.0,False,unconditional,float,True
R2-EV-01,signal_runner,900,R2-EV-01,long,TNA,,next_bar,signal_defs.py,1259,spearman_r,0.001362049498617958,0.9614924651114486,"Spearman r=0.0014, p=0.9615, direction=long",False,0.5472636815920398,False,0.545,False,0.0,False,1.0,True,unconditional,float,True
R2-EV-01,signal_runner,900,R2-EV-01,long,TZA,,next_bar,signal_defs.py,1259,spearman_r,-0.0030567861758800993,0.9137144158299486,"Spearman r=-0.0031, p=0.9137, direction=long",False,0.47761194029850745,False,0.545,False,0.0,False,0.0,False,unconditional,float,True
R2-EV-01,signal_runner,900,R2-EV-01,long,SPXL,,next_bar,signal_defs.py,1259,spearman_r,-0.014619474862650528,0.6042864051939567,"Spearman r=-0.0146, p=0.6043, direction=long",False,0.7263681592039801,False,0.545,False,0.0,False,1.0,True,unconditional,float,True
R2-EV-01,signal_runner,900,R2-EV-01,long,VIXY,,next_bar,signal_defs.py,1259,spearman_r,0.039533776923812665,0.16094284592582375,"Spearman r=0.0395, p=0.1609, direction=long",False,0.13432835820895522,False,0.545,False,0.0,False,1.0,True,unconditional,float,True
R2-EV-01-S,signal_runner,900,R2-EV-01-S,short,SOXL,,next_bar,signal_defs.py,1259,spearman_r,-0.00715685586650162,0.7997324660999079,"Spearman r=-0.0072, p=0.7997, direction=short",False,0.6169154228855721,False,0.455,False,0.0,False,0.0,False,unconditional,float,True
R2-EV-01-S,signal_runner,900,R2-EV-01-S,short,SOXS,,next_bar,signal_defs.py,1259,spearman_r,0.008839604776235096,0.7540186599654478,"Spearman r=0.0088, p=0.7540, direction=short",False,0.3681592039800995,False,0.455,False,0.0,False,0.0,False,unconditional,float,True
R2-EV-01-S,signal_runner,900,R2-EV-01-S,short,TQQQ,,next_bar,signal_defs.py,1259,spearman_r,-0.011240736096309004,0.6902877533420024,"Spearman r=-0.0112, p=0.6903, direction=short",False,0.7014925373134329,False,0.455,False,0.0,False,0.0,False,unconditional,float,True
R2-EV-01-S,signal_runner,900,R2-EV-01-S,short,SQQQ,,next_bar,signal_defs.py,1259,spearman_r,0.008315740995940485,0.7681662431879048,"Spearman r=0.0083, p=0.7682, direction=short",False,0.3383084577114428,False,0.455,False,0.0,False,1.0,True,unconditional,float,True
R2-EV-01-S,signal_runner,900,R2-EV-01-S,short,TECL,,next_bar,signal_defs.py,1259,spearman_r,-0.011606971092292926,0.6807441746755831,"Spearman r=-0.0116, p=0.6807, direction=short",False,0.681592039800995,False,0.455,False,0.0,False,0.0,False,unconditional,float,True
R2-EV-01-S,signal_runner,900,R2-EV-01-S,short,TECS,,next_bar,signal_defs.py,1259,spearman_r,0.01078231814631269,0.7023030043499519,"Spearman r=0.0108, p=0.7023, direction=short",False,0.3333333333333333,False,0.455,False,0.0,False,0.0,False,unconditional,float,True
R2-EV-01-S,signal_runner,900,R2-EV-01-S,short,TNA,,next_bar,signal_defs.py,1259,spearman_r,0.001362049498617958,0.9614924651114486,"Spearman r=0.0014, p=0.9615, direction=short",False,0.5472636815920398,False,0.455,False,0.0,False,0.0,False,unconditional,float,True
R2-EV-01-S,signal_runner,900,R2-EV-01-S,short,TZA,,next_bar,signal_defs.py,1259,spearman_r,-0.0030567861758800993,0.9137144158299486,"Spearman r=-0.0031, p=0.9137, direction=short",False,0.47761194029850745,False,0.455,False,0.0,False,1.0,True,unconditional,float,True
R2-EV-01-S,signal_runner,900,R2-EV-01-S,short,SPXL,,next_bar,signal_defs.py,1259,spearman_r,-0.014619474862650528,0.6042864051939567,"Spearman r=-0.0146, p=0.6043, direction=short",False,0.7263681592039801,False,0.455,False,0.0,False,1.0,True,unconditional,float,True
R2-EV-01-S,signal_runner,900,R2-EV-01-S,short,VIXY,,next_bar,signal_defs.py,1259,spearman_r,0.039533776923812665,0.16094284592582375,"Spearman r=0.0395, p=0.1609, direction=short",False,0.13432835820895522,False,0.455,False,0.0,False,0.0,False,unconditional,float,True
R2-EV-02,signal_runner,900,R2-EV-02,long,SOXL,,next_bar,signal_defs.py,1259,spearman_r,-0.024770879772657746,0.37983968586562955,"Spearman r=-0.0248, p=0.3798, direction=long",False,0.8059701492537313,False,0.475,False,0.0,False,0.0,False,unconditional,float,True
R2-EV-02,signal_runner,900,R2-EV-02,long,SOXS,,next_bar,signal_defs.py,1259,spearman_r,0.02606452955111251,0.3554497945744265,"Spearman r=0.0261, p=0.3554, direction=long",False,0.17412935323383086,False,0.475,False,0.0,False,0.0,False,unconditional,float,True
R2-EV-02,signal_runner,900,R2-EV-02,long,TQQQ,,next_bar,signal_defs.py,1259,spearman_r,-0.02480043633663285,0.379271216516076,"Spearman r=-0.0248, p=0.3793, direction=long",False,0.8258706467661692,False,0.475,False,0.0,False,0.0,False,unconditional,float,True
R2-EV-02,signal_runner,900,R2-EV-02,long,SQQQ,,next_bar,signal_defs.py,1259,spearman_r,0.025059879755902816,0.3743037327089126,"Spearman r=0.0251, p=0.3743, direction=long",False,0.208955223880597,False,0.475,False,0.0,False,1.0,True,unconditional,float,True
R2-EV-02,signal_runner,900,R2-EV-02,long,TECL,,next_bar,signal_defs.py,1259,spearman_r,-0.018085249131691024,0.5214428476231855,"Spearman r=-0.0181, p=0.5214, direction=long",False,0.7512437810945274,False,0.475,False,0.0,False,0.0,False,unconditional,float,True
R2-EV-02,signal_runner,900,R2-EV-02,long,TECS,,next_bar,signal_defs.py,1259,spearman_r,0.01573619356814462,0.5769552326209866,"Spearman r=0.0157, p=0.5770, direction=long",False,0.2885572139303483,False,0.475,False,0.0,False,0.0,False,unconditional,float,True
R2-EV-02,signal_runner,900,R2-EV-02,long,TNA,,next_bar,signal_defs.py,1259,spearman_r,-0.025281468522977708,0.3700930190498005,"Spearman r=-0.0253, p=0.3701, direction=long",False,0.845771144278607,False,0.475,False,0.0,False,0.0,False,unconditional,float,True
R2-EV-02,signal_runner,900,R2-EV-02,long,TZA,,next_bar,signal_defs.py,1259,spearman_r,0.023317610380667868,0.4084325713892758,"Spearman r=0.0233, p=0.4084, direction=long",False,0.19900497512437812,False,0.475,False,0.0,False,0.0,False,unconditional,float,True
R2-EV-02,signal_runner,900,R2-EV-02,long,SPXL,,next_bar,signal_defs.py,1259,spearman_r,-0.04006699528755132,0.15536585526938104,"Spearman r=-0.0401, p=0.1554, direction=long",False,0.9104477611940298,False,0.475,False,0.0,False,0.0,False,unconditional,float,True
R2-EV-02,signal_runner,900,R2-EV-02,long,VIXY,,next_bar,signal_defs.py,1259,spearman_r,0.03917892930669276,0.16473710197571045,"Spearman r=0.0392, p=0.1647, direction=long",False,0.10945273631840796,False,0.475,False,0.0,False,0.0,False,unconditional,float,True
R2-EV-02-S,signal_runner,900,R2-EV-02-S,short,SOXL,,next_bar,signal_defs.py,1259,spearman_r,-0.024770879772657746,0.37983968586562955,"Spearman r=-0.0248, p=0.3798, direction=short",False,0.8059701492537313,False,0.525,False,0.0,False,0.0,False,unconditional,float,True
R2-EV-02-S,signal_runner,900,R2-EV-02-S,short,SOXS,,next_bar,signal_defs.py,1259,spearman_r,0.02606452955111251,0.3554497945744265,"Spearman r=0.0261, p=0.3554, direction=short",False,0.17412935323383086,False,0.525,False,0.0,False,0.0,False,unconditional,float,True
R2-EV-02-S,signal_runner,900,R2-EV-02-S,short,TQQQ,,next_bar,signal_defs.py,1259,spearman_r,-0.02480043633663285,0.379271216516076,"Spearman r=-0.0248, p=0.3793, direction=short",False,0.8258706467661692,False,0.525,False,0.0,False,1.0,True,unconditional,float,True
R2-EV-02-S,signal_runner,900,R2-EV-02-S,short,SQQQ,,next_bar,signal_defs.py,1259,spearman_r,0.025059879755902816,0.3743037327089126,"Spearman r=0.0251, p=0.3743, direction=short",False,0.208955223880597,False,0.525,False,0.0,False,0.0,False,unconditional,float,True
R2-EV-02-S,signal_runner,900,R2-EV-02-S,short,TECL,,next_bar,signal_defs.py,1259,spearman_r,-0.018085249131691024,0.5214428476231855,"Spearman r=-0.0181, p=0.5214, direction=short",False,0.7512437810945274,False,0.525,False,0.0,False,0.0,False,unconditional,float,True
R2-EV-02-S,signal_runner,900,R2-EV-02-S,short,TECS,,next_bar,signal_defs.py,1259,spearman_r,0.01573619356814462,0.5769552326209866,"Spearman r=0.0157, p=0.5770, direction=short",False,0.2885572139303483,False,0.525,False,0.0,False,0.0,False,unconditional,float,True
R2-EV-02-S,signal_runner,900,R2-EV-02-S,short,TNA,,next_bar,signal_defs.py,1259,spearman_r,-0.025281468522977708,0.3700930190498005,"Spearman r=-0.0253, p=0.3701, direction=short",False,0.845771144278607,False,0.525,False,0.0,False,0.0,False,unconditional,float,True
R2-EV-02-S,signal_runner,900,R2-EV-02-S,short,TZA,,next_bar,signal_defs.py,1259,spearman_r,0.023317610380667868,0.4084325713892758,"Spearman r=0.0233, p=0.4084, direction=short",False,0.19900497512437812,False,0.525,False,0.0,False,0.0,False,unconditional,float,True
R2-EV-02-S,signal_runner,900,R2-EV-02-S,short,SPXL,,next_bar,signal_defs.py,1259,spearman_r,-0.04006699528755132,0.15536585526938104,"Spearman r=-0.0401, p=0.1554, direction=short",False,0.9104477611940298,False,0.525,False,0.0,False,1.0,True,unconditional,float,True
R2-EV-02-S,signal_runner,900,R2-EV-02-S,short,VIXY,,next_bar,signal_defs.py,1259,spearman_r,0.03917892930669276,0.16473710197571045,"Spearman r=0.0392, p=0.1647, direction=short",False,0.10945273631840796,False,0.525,False,0.0,False,0.0,False,unconditional,float,True
R2-EV-03,signal_runner,900,R2-EV-03,long,SOXL,,next_bar,signal_defs.py,14,direction_agreement,0.0,,N=14 < 30: サンプル不足,False,,,,,,,,,unconditional,bool,True
R2-EV-03,signal_runner,900,R2-EV-03,long,SOXS,,next_bar,signal_defs.py,14,direction_agreement,0.0,,N=14 < 30: サンプル不足,False,,,,,,,,,unconditional,bool,True
R2-EV-03,signal_runner,900,R2-EV-03,long,TQQQ,,next_bar,signal_defs.py,14,direction_agreement,0.0,,N=14 < 30: サンプル不足,False,,,,,,,,,unconditional,bool,True
R2-EV-03,signal_runner,900,R2-EV-03,long,SQQQ,,next_bar,signal_defs.py,14,direction_agreement,0.0,,N=14 < 30: サンプル不足,False,,,,,,,,,unconditional,bool,True
R2-EV-03,signal_runner,900,R2-EV-03,long,TECL,,next_bar,signal_defs.py,14,direction_agreement,0.0,,N=14 < 30: サンプル不足,False,,,,,,,,,unconditional,bool,True
R2-EV-03,signal_runner,900,R2-EV-03,long,TECS,,next_bar,signal_defs.py,14,direction_agreement,0.0,,N=14 < 30: サンプル不足,False,,,,,,,,,unconditional,bool,True
R2-EV-03,signal_runner,900,R2-EV-03,long,TNA,,next_bar,signal_defs.py,14,direction_agreement,0.0,,N=14 < 30: サンプル不足,False,,,,,,,,,unconditional,bool,True
R2-EV-03,signal_runner,900,R2-EV-03,long,TZA,,next_bar,signal_defs.py,14,direction_agreement,0.0,,N=14 < 30: サンプル不足,False,,,,,,,,,unconditional,bool,True
R2-EV-03,signal_runner,900,R2-EV-03,long,SPXL,,next_bar,signal_defs.py,14,direction_agreement,0.0,,N=14 < 30: サンプル不足,False,,,,,,,,,unconditional,bool,True
R2-EV-03,signal_runner,900,R2-EV-03,long,VIXY,,next_bar,signal_defs.py,14,direction_agreement,0.0,,N=14 < 30: サンプル不足,False,,,,,,,,,unconditional,bool,True
R2-EV-03-S,signal_runner,900,R2-EV-03-S,short,SOXL,,next_bar,signal_defs.py,14,direction_agreement,0.0,,N=14 < 30: サンプル不足,False,,,,,,,,,unconditional,bool,True
R2-EV-03-S,signal_runner,900,R2-EV-03-S,short,SOXS,,next_bar,signal_defs.py,14,direction_agreement,0.0,,N=14 < 30: サンプル不足,False,,,,,,,,,unconditional,bool,True
R2-EV-03-S,signal_runner,900,R2-EV-03-S,short,TQQQ,,next_bar,signal_defs.py,14,direction_agreement,0.0,,N=14 < 30: サンプル不足,False,,,,,,,,,unconditional,bool,True
R2-EV-03-S,signal_runner,900,R2-EV-03-S,short,SQQQ,,next_bar,signal_defs.py,14,direction_agreement,0.0,,N=14 < 30: サンプル不足,False,,,,,,,,,unconditional,bool,True
R2-EV-03-S,signal_runner,900,R2-EV-03-S,short,TECL,,next_bar,signal_defs.py,14,direction_agreement,0.0,,N=14 < 30: サンプル不足,False,,,,,,,,,unconditional,bool,True
R2-EV-03-S,signal_runner,900,R2-EV-03-S,short,TECS,,next_bar,signal_defs.py,14,direction_agreement,0.0,,N=14 < 30: サンプル不足,False,,,,,,,,,unconditional,bool,True
R2-EV-03-S,signal_runner,900,R2-EV-03-S,short,TNA,,next_bar,signal_defs.py,14,direction_agreement,0.0,,N=14 < 30: サンプル不足,False,,,,,,,,,unconditional,bool,True
R2-EV-03-S,signal_runner,900,R2-EV-03-S,short,TZA,,next_bar,signal_defs.py,14,direction_agreement,0.0,,N=14 < 30: サンプル不足,False,,,,,,,,,unconditional,bool,True
R2-EV-03-S,signal_runner,900,R2-EV-03-S,short,SPXL,,next_bar,signal_defs.py,14,direction_agreement,0.0,,N=14 < 30: サンプル不足,False,,,,,,,,,unconditional,bool,True
R2-EV-03-S,signal_runner,900,R2-EV-03-S,short,VIXY,,next_bar,signal_defs.py,14,direction_agreement,0.0,,N=14 < 30: サンプル不足,False,,,,,,,,,unconditional,bool,True
R2-DD-01,signal_runner,901,R2-DD-01,long,SOXL,,next_bar,signal_defs.py,340,direction_agreement,0.5,0.5216197801625522,"一致率=0.500, N=340, direction=long",False,0.7114427860696517,False,0.465,False,0.00882352941176473,False,0.0,False,unconditional,bool,True
R2-DD-01,signal_runner,901,R2-DD-01,long,SOXS,,next_bar,signal_defs.py,390,direction_agreement,0.45384615384615384,0.9695743928175791,"一致率=0.454, N=390, direction=long",False,0.7014925373134329,False,0.515,False,0.07435897435897437,True,0.0,False,unconditional,bool,True
R2-DD-01,signal_runner,901,R2-DD-01,long,TQQQ,,next_bar,signal_defs.py,235,direction_agreement,0.5446808510638298,0.09594992687216389,"一致率=0.545, N=235, direction=long",False,0.47761194029850745,False,0.485,False,0.09361702127659577,True,0.0,False,unconditional,bool,True
R2-DD-01,signal_runner,901,R2-DD-01,long,SQQQ,,next_bar,signal_defs.py,264,direction_agreement,0.4734848484848485,0.8220332975686017,"一致率=0.473, N=264, direction=long",False,0.1890547263681592,False,0.48,False,0.0492424242424242,False,0.0,False,unconditional,bool,True
R2-DD-01,signal_runner,901,R2-DD-01,long,TECL,,next_bar,signal_defs.py,262,direction_agreement,0.5305343511450382,0.17705156275002273,"一致率=0.531, N=262, direction=long",False,0.746268656716418,False,0.455,False,0.06488549618320616,True,0.0,False,unconditional,bool,True
R2-DD-01,signal_runner,901,R2-DD-01,long,TECS,,next_bar,signal_defs.py,296,direction_agreement,0.4560810810810811,0.9417912446988999,"一致率=0.456, N=296, direction=long",False,0.3681592039800995,False,0.5,False,0.07094594594594589,True,0.0,False,unconditional,bool,True
R2-DD-01,signal_runner,901,R2-DD-01,long,TNA,,next_bar,signal_defs.py,270,direction_agreement,0.5407407407407407,0.10057749638365372,"一致率=0.541, N=270, direction=long",False,0.15920398009950248,False,0.465,False,0.0851851851851852,True,0.0,False,unconditional,bool,True
R2-DD-01,signal_runner,901,R2-DD-01,long,TZA,,next_bar,signal_defs.py,288,direction_agreement,0.5277777777777778,0.18839499456578807,"一致率=0.528, N=288, direction=long",False,0.05970149253731343,False,0.475,False,0.05555555555555558,True,0.0,False,unconditional,bool,True
R2-DD-01,signal_runner,901,R2-DD-01,long,SPXL,,next_bar,signal_defs.py,164,direction_agreement,0.5182926829268293,0.3481704846446476,"一致率=0.518, N=164, direction=long",False,0.6567164179104478,False,0.455,False,0.03658536585365857,False,0.0,False,unconditional,bool,True
R2-DD-01,signal_runner,901,R2-DD-01,long,VIXY,,next_bar,signal_defs.py,262,direction_agreement,0.4541984732824427,0.9388493466411534,"一致率=0.454, N=262, direction=long",False,0.029850746268656716,True,0.495,False,0.09160305343511449,True,0.0,False,unconditional,bool,True
R2-DD-01-S,signal_runner,901,R2-DD-01-S,short,SOXL,,next_bar,signal_defs.py,340,direction_agreement,0.49117647058823527,0.6478596159009427,"一致率=0.491, N=340, direction=short",False,0.31840796019900497,False,0.49,False,0.00882352941176473,False,0.0,False,unconditional,bool,True
R2-DD-01-S,signal_runner,901,R2-DD-01-S,short,SOXS,,next_bar,signal_defs.py,390,direction_agreement,0.5282051282051282,0.1437990883581023,"一致率=0.528, N=390, direction=short",False,0.3781094527363184,False,0.485,False,0.07435897435897437,True,0.0,False,unconditional,bool,True
R2-DD-01-S,signal_runner,901,R2-DD-01-S,short,TQQQ,,next_bar,signal_defs.py,235,direction_agreement,0.451063829787234,0.9413717173690488,"一致率=0.451, N=235, direction=short",False,0.5970149253731343,False,0.515,False,0.09361702127659577,True,0.0,False,unconditional,bool,True
R2-DD-01-S,signal_runner,901,R2-DD-01-S,short,SQQQ,,next_bar,signal_defs.py,264,direction_agreement,0.5227272727272727,0.24923905910727465,"一致率=0.523, N=264, direction=short",False,0.7960199004975125,False,0.52,False,0.0492424242424242,False,0.0,False,unconditional,bool,True
R2-DD-01-S,signal_runner,901,R2-DD-01-S,short,TECL,,next_bar,signal_defs.py,262,direction_agreement,0.46564885496183206,0.879795171133824,"一致率=0.466, N=262, direction=short",False,0.3383084577114428,False,0.49,False,0.06488549618320616,True,0.0,False,unconditional,bool,True
R2-DD-01-S,signal_runner,901,R2-DD-01-S,short,TECS,,next_bar,signal_defs.py,296,direction_agreement,0.527027027027027,0.22496931496888134,"一致率=0.527, N=296, direction=short",False,0.7562189054726368,False,0.5,False,0.07094594594594589,True,0.0,False,unconditional,bool,True
R2-DD-01-S,signal_runner,901,R2-DD-01-S,short,TNA,,next_bar,signal_defs.py,270,direction_agreement,0.45555555555555555,0.936004088355153,"一致率=0.456, N=270, direction=short",False,0.900497512437811,False,0.475,False,0.0851851851851852,True,0.0,False,unconditional,bool,True
R2-DD-01-S,signal_runner,901,R2-DD-01-S,short,TZA,,next_bar,signal_defs.py,288,direction_agreement,0.4722222222222222,0.8417640328346628,"一致率=0.472, N=288, direction=short",False,0.9402985074626866,False,0.495,False,0.05555555555555558,True,0.0,False,unconditional,bool,True
R2-DD-01-S,signal_runner,901,R2-DD-01-S,short,SPXL,,next_bar,signal_defs.py,164,direction_agreement,0.4817073170731707,0.7076082504415135,"一致率=0.482, N=164, direction=short",False,0.3681592039800995,False,0.485,False,0.03658536585365857,False,0.0,False,unconditional,bool,True
R2-DD-01-S,signal_runner,901,R2-DD-01-S,short,VIXY,,next_bar,signal_defs.py,262,direction_agreement,0.5458015267175572,0.0775995901956634,"一致率=0.546, N=262, direction=short",False,0.945273631840796,False,0.45,False,0.09160305343511449,True,0.0,False,unconditional,bool,True
R2-DD-02,signal_runner,901,R2-DD-02,long,SOXL,,next_bar,signal_defs.py,106,direction_agreement,0.5094339622641509,0.4613425797206378,"一致率=0.509, N=106, direction=long",False,0.6318407960199005,False,0.445,False,0.018867924528301883,False,0.0,False,unconditional,bool,True
R2-DD-02,signal_runner,901,R2-DD-02,long,SOXS,,next_bar,signal_defs.py,155,direction_agreement,0.4645161290322581,0.8324323994583824,"一致率=0.465, N=155, direction=long",False,0.582089552238806,False,0.485,False,0.07096774193548389,True,0.0,False,unconditional,bool,True
R2-DD-02,signal_runner,901,R2-DD-02,long,TQQQ,,next_bar,signal_defs.py,127,direction_agreement,0.5275590551181102,0.29730774296774654,"一致率=0.528, N=127, direction=long",False,0.6965174129353234,False,0.55,False,0.05511811023622043,True,0.0,False,unconditional,bool,True
R2-DD-02,signal_runner,901,R2-DD-02,long,SQQQ,,next_bar,signal_defs.py,137,direction_agreement,0.4233576642335766,0.9701160090251469,"一致率=0.423, N=137, direction=long",False,0.7661691542288557,False,0.535,False,0.1532846715328467,True,0.0,False,unconditional,bool,True
R2-DD-02,signal_runner,901,R2-DD-02,long,TECL,,next_bar,signal_defs.py,103,direction_agreement,0.5048543689320388,0.4999999999999999,"一致率=0.505, N=103, direction=long",False,0.8208955223880597,False,0.5,False,0.009708737864077666,False,0.0,False,unconditional,bool,True
R2-DD-02,signal_runner,901,R2-DD-02,long,TECS,,next_bar,signal_defs.py,128,direction_agreement,0.453125,0.8747800596903701,"一致率=0.453, N=128, direction=long",False,0.5223880597014925,False,0.495,False,0.09375,True,0.0,False,unconditional,bool,True
R2-DD-02,signal_runner,901,R2-DD-02,long,TNA,,next_bar,signal_defs.py,94,direction_agreement,0.4787234042553192,0.6968520311530174,"一致率=0.479, N=94, direction=long",False,0.7263681592039801,False,0.47,False,0.04255319148936171,False,0.0,False,unconditional,bool,True
R2-DD-02,signal_runner,901,R2-DD-02,long,TZA,,next_bar,signal_defs.py,95,direction_agreement,0.5052631578947369,0.5000000000000001,"一致率=0.505, N=95, direction=long",False,0.4079601990049751,False,0.505,False,0.010526315789473717,False,0.0,False,unconditional,bool,True
R2-DD-02,signal_runner,901,R2-DD-02,long,SPXL,,next_bar,signal_defs.py,116,direction_agreement,0.5258620689655172,0.3213337126898058,"一致率=0.526, N=116, direction=long",False,0.6019900497512438,False,0.485,False,0.051724137931034475,True,0.0,False,unconditional,bool,True
R2-DD-02,signal_runner,901,R2-DD-02,long,VIXY,,next_bar,signal_defs.py,248,direction_agreement,0.38306451612903225,0.9999161435305267,"一致率=0.383, N=248, direction=long",False,0.7810945273631841,False,0.45,False,0.22177419354838712,True,0.0,False,unconditional,bool,True
R2-DD-02-S,signal_runner,901,R2-DD-02-S,short,SOXL,,next_bar,signal_defs.py,106,direction_agreement,0.49056603773584906,0.6145405045314434,"一致率=0.491, N=106, direction=short",False,0.3383084577114428,False,0.47,False,0.018867924528301883,False,0.0,False,unconditional,bool,True
R2-DD-02-S,signal_runner,901,R2-DD-02-S,short,SOXS,,next_bar,signal_defs.py,155,direction_agreement,0.535483870967742,0.21096941650648687,"一致率=0.535, N=155, direction=short",False,0.30845771144278605,False,0.515,False,0.07096774193548389,True,0.0,False,unconditional,bool,True
R2-DD-02-S,signal_runner,901,R2-DD-02-S,short,TQQQ,,next_bar,signal_defs.py,127,direction_agreement,0.47244094488188976,0.7610390288966405,"一致率=0.472, N=127, direction=short",False,0.373134328358209,False,0.45,False,0.05511811023622043,True,0.0,False,unconditional,bool,True
R2-DD-02-S,signal_runner,901,R2-DD-02-S,short,SQQQ,,next_bar,signal_defs.py,137,direction_agreement,0.5766423357664233,0.04356661323767342,"一致率=0.577, N=137, direction=short",False,0.23383084577114427,False,0.465,False,0.1532846715328467,True,0.0,False,unconditional,bool,True
R2-DD-02-S,signal_runner,901,R2-DD-02-S,short,TECL,,next_bar,signal_defs.py,103,direction_agreement,0.49514563106796117,0.5780511723735691,"一致率=0.495, N=103, direction=short",False,0.20398009950248755,False,0.5,False,0.009708737864077666,False,0.0,False,unconditional,bool,True
R2-DD-02-S,signal_runner,901,R2-DD-02-S,short,TECS,,next_bar,signal_defs.py,128,direction_agreement,0.546875,0.16546791447110712,"一致率=0.547, N=128, direction=short",False,0.4427860696517413,False,0.415,False,0.09375,True,0.0,False,unconditional,bool,True
R2-DD-02-S,signal_runner,901,R2-DD-02-S,short,TNA,,next_bar,signal_defs.py,94,direction_agreement,0.5212765957446809,0.37859453707120316,"一致率=0.521, N=94, direction=short",False,0.3482587064676617,False,0.5,False,0.04255319148936171,False,0.0,False,unconditional,bool,True
R2-DD-02-S,signal_runner,901,R2-DD-02-S,short,TZA,,next_bar,signal_defs.py,95,direction_agreement,0.49473684210526314,0.5812219646354633,"一致率=0.495, N=95, direction=short",False,0.6517412935323383,False,0.495,False,0.010526315789473717,False,0.0,False,unconditional,bool,True
R2-DD-02-S,signal_runner,901,R2-DD-02-S,short,SPXL,,next_bar,signal_defs.py,116,direction_agreement,0.47413793103448276,0.7420434625021024,"一致率=0.474, N=116, direction=short",False,0.4427860696517413,False,0.44,False,0.051724137931034475,True,0.0,False,unconditional,bool,True
R2-DD-02-S,signal_runner,901,R2-DD-02-S,short,VIXY,,next_bar,signal_defs.py,248,direction_agreement,0.6048387096774194,0.0005790831461031245,"一致率=0.605, N=248, direction=short",False,0.3034825870646766,False,0.52,False,0.22177419354838712,True,1.0,True,unconditional,bool,True
R2-DD-03,signal_runner,901,R2-DD-03,long,SOXL,,next_bar,signal_defs.py,1103,spearman_r,-0.021801306229618674,0.46948463159880505,"Spearman r=-0.0218, p=0.4695, direction=long",False,0.7611940298507462,False,0.455,False,0.0,False,0.0,False,unconditional,float,True
R2-DD-03,signal_runner,901,R2-DD-03,long,SOXS,,next_bar,signal_defs.py,1112,spearman_r,-0.022080929008687553,0.4619821556521021,"Spearman r=-0.0221, p=0.4620, direction=long",False,0.7711442786069652,False,0.545,False,0.0,False,0.0,False,unconditional,float,True
R2-DD-03,signal_runner,901,R2-DD-03,long,TQQQ,,next_bar,signal_defs.py,961,spearman_r,0.01863680172567992,0.5639130866843084,"Spearman r=0.0186, p=0.5639, direction=long",False,0.2736318407960199,False,0.41,False,0.0,False,1.0,True,unconditional,float,True
R2-DD-03,signal_runner,901,R2-DD-03,long,SQQQ,,next_bar,signal_defs.py,955,spearman_r,0.012711485597303146,0.6948178305899845,"Spearman r=0.0127, p=0.6948, direction=long",False,0.3383084577114428,False,0.57,False,0.0,False,0.0,False,unconditional,float,True
R2-DD-03,signal_runner,901,R2-DD-03,long,TECL,,next_bar,signal_defs.py,1002,spearman_r,0.02203446138146311,0.4859897713086845,"Spearman r=0.0220, p=0.4860, direction=long",False,0.2736318407960199,False,0.435,False,0.0,False,1.0,True,unconditional,float,True
R2-DD-03,signal_runner,901,R2-DD-03,long,TECS,,next_bar,signal_defs.py,992,spearman_r,0.018293239995449958,0.5649625329734251,"Spearman r=0.0183, p=0.5650, direction=long",False,0.3034825870646766,False,0.56,False,0.0,False,0.0,False,unconditional,float,True
R2-DD-03,signal_runner,901,R2-DD-03,long,TNA,,next_bar,signal_defs.py,1002,spearman_r,0.003525724888847487,0.9112470737022612,"Spearman r=0.0035, p=0.9112, direction=long",False,0.4925373134328358,False,0.51,False,0.0,False,1.0,True,unconditional,float,True
R2-DD-03,signal_runner,901,R2-DD-03,long,TZA,,next_bar,signal_defs.py,999,spearman_r,0.0017225021752064155,0.9566364453608198,"Spearman r=0.0017, p=0.9566, direction=long",False,0.5074626865671642,False,0.5,False,0.0,False,0.0,False,unconditional,float,True
R2-DD-03,signal_runner,901,R2-DD-03,long,SPXL,,next_bar,signal_defs.py,877,spearman_r,0.056788474055299125,0.09282075792930924,"Spearman r=0.0568, p=0.0928, direction=long",False,0.06965174129353234,False,0.44,False,0.0,False,1.0,True,unconditional,float,True
R2-DD-03,signal_runner,901,R2-DD-03,long,VIXY,,next_bar,signal_defs.py,967,spearman_r,0.03528412121383712,0.2730178687483317,"Spearman r=0.0353, p=0.2730, direction=long",False,0.1791044776119403,False,0.555,False,0.0,False,0.0,False,unconditional,float,True
R2-DD-03-S,signal_runner,901,R2-DD-03-S,short,SOXL,,next_bar,signal_defs.py,1103,spearman_r,-0.021801306229618674,0.46948463159880505,"Spearman r=-0.0218, p=0.4695, direction=short",False,0.7611940298507462,False,0.545,False,0.0,False,1.0,True,unconditional,float,True
R2-DD-03-S,signal_runner,901,R2-DD-03-S,short,SOXS,,next_bar,signal_defs.py,1112,spearman_r,-0.022080929008687553,0.4619821556521021,"Spearman r=-0.0221, p=0.4620, direction=short",False,0.7711442786069652,False,0.455,False,0.0,False,1.0,True,unconditional,float,True
R2-DD-03-S,signal_runner,901,R2-DD-03-S,short,TQQQ,,next_bar,signal_defs.py,961,spearman_r,0.01863680172567992,0.5639130866843084,"Spearman r=0.0186, p=0.5639, direction=short",False,0.2736318407960199,False,0.59,False,0.0,False,0.0,False,unconditional,float,True
R2-DD-03-S,signal_runner,901,R2-DD-03-S,short,SQQQ,,next_bar,signal_defs.py,955,spearman_r,0.012711485597303146,0.6948178305899845,"Spearman r=0.0127, p=0.6948, direction=short",False,0.3383084577114428,False,0.43,False,0.0,False,0.0,False,unconditional,float,True
R2-DD-03-S,signal_runner,901,R2-DD-03-S,short,TECL,,next_bar,signal_defs.py,1002,spearman_r,0.02203446138146311,0.4859897713086845,"Spearman r=0.0220, p=0.4860, direction=short",False,0.2736318407960199,False,0.565,False,0.0,False,0.0,False,unconditional,float,True
R2-DD-03-S,signal_runner,901,R2-DD-03-S,short,TECS,,next_bar,signal_defs.py,992,spearman_r,0.018293239995449958,0.5649625329734251,"Spearman r=0.0183, p=0.5650, direction=short",False,0.3034825870646766,False,0.44,False,0.0,False,0.0,False,unconditional,float,True
R2-DD-03-S,signal_runner,901,R2-DD-03-S,short,TNA,,next_bar,signal_defs.py,1002,spearman_r,0.003525724888847487,0.9112470737022612,"Spearman r=0.0035, p=0.9112, direction=short",False,0.4925373134328358,False,0.49,False,0.0,False,1.0,True,unconditional,float,True
R2-DD-03-S,signal_runner,901,R2-DD-03-S,short,TZA,,next_bar,signal_defs.py,999,spearman_r,0.0017225021752064155,0.9566364453608198,"Spearman r=0.0017, p=0.9566, direction=short",False,0.5074626865671642,False,0.5,False,0.0,False,0.0,False,unconditional,float,True
R2-DD-03-S,signal_runner,901,R2-DD-03-S,short,SPXL,,next_bar,signal_defs.py,877,spearman_r,0.056788474055299125,0.09282075792930924,"Spearman r=0.0568, p=0.0928, direction=short",False,0.06965174129353234,False,0.56,False,0.0,False,0.0,False,unconditional,float,True
R2-DD-03-S,signal_runner,901,R2-DD-03-S,short,VIXY,,next_bar,signal_defs.py,967,spearman_r,0.03528412121383712,0.2730178687483317,"Spearman r=0.0353, p=0.2730, direction=short",False,0.1791044776119403,False,0.445,False,0.0,False,0.0,False,unconditional,float,True
R2-DD-04,signal_runner,901,R2-DD-04,long,SOXL,,next_bar,signal_defs.py,254,direction_agreement,0.5196850393700787,0.2861787261621981,"一致率=0.520, N=254, direction=long",False,0.4577114427860697,False,0.38,False,0.06299212598425191,True,0.0,False,unconditional,bool,True
R2-DD-04,signal_runner,901,R2-DD-04,long,SOXS,,next_bar,signal_defs.py,254,direction_agreement,0.46062992125984253,0.9062438533059736,"一致率=0.461, N=254, direction=long",False,0.6567164179104478,False,0.38,False,0.05511811023622043,True,0.0,False,unconditional,bool,True
R2-DD-04,signal_runner,901,R2-DD-04,long,TQQQ,,next_bar,signal_defs.py,254,direction_agreement,0.5984251968503937,0.0010240246939224396,"一致率=0.598, N=254, direction=long",False,0.03980099502487562,True,0.38,False,0.19685039370078744,True,0.0,False,unconditional,bool,True
R2-DD-04,signal_runner,901,R2-DD-04,long,SQQQ,,next_bar,signal_defs.py,254,direction_agreement,0.39763779527559057,0.9995760503976299,"一致率=0.398, N=254, direction=long",False,0.9850746268656716,False,0.38,False,0.1929133858267716,True,0.0,False,unconditional,bool,True
R2-DD-04,signal_runner,901,R2-DD-04,long,TECL,,next_bar,signal_defs.py,254,direction_agreement,0.5708661417322834,0.013943718185561614,"一致率=0.571, N=254, direction=long",False,0.21393034825870647,False,0.38,False,0.14960629921259844,True,0.0,False,unconditional,bool,True
R2-DD-04,signal_runner,901,R2-DD-04,long,TECS,,next_bar,signal_defs.py,254,direction_agreement,0.421259842519685,0.9950219946916941,"一致率=0.421, N=254, direction=long",False,0.8606965174129353,False,0.38,False,0.14173228346456695,True,0.0,False,unconditional,bool,True
R2-DD-04,signal_runner,901,R2-DD-04,long,TNA,,next_bar,signal_defs.py,254,direction_agreement,0.5551181102362205,0.04502140158700479,"一致率=0.555, N=254, direction=long",False,0.04477611940298507,True,0.38,False,0.11417322834645671,True,0.0,False,unconditional,bool,True
R2-DD-04,signal_runner,901,R2-DD-04,long,TZA,,next_bar,signal_defs.py,254,direction_agreement,0.44881889763779526,0.9549785984129953,"一致率=0.449, N=254, direction=long",False,0.9353233830845771,False,0.38,False,0.09842519685039375,True,0.0,False,unconditional,bool,True
R2-DD-04,signal_runner,901,R2-DD-04,long,SPXL,,next_bar,signal_defs.py,254,direction_agreement,0.594488188976378,0.0015553533186755868,"一致率=0.594, N=254, direction=long",False,0.014925373134328358,True,0.38,False,0.18897637795275596,True,0.0,False,unconditional,bool,True
R2-DD-04,signal_runner,901,R2-DD-04,long,VIXY,,next_bar,signal_defs.py,254,direction_agreement,0.3700787401574803,0.999988187484784,"一致率=0.370, N=254, direction=long",False,0.835820895522388,False,0.38,False,0.24803149606299213,True,0.0,False,unconditional,bool,True
R2-DD-04-S,signal_runner,901,R2-DD-04-S,short,SOXL,,next_bar,signal_defs.py,254,direction_agreement,0.4566929133858268,0.9255827223880015,"一致率=0.457, N=254, direction=short",False,0.7711442786069652,False,0.545,False,0.06299212598425191,True,0.0,False,unconditional,bool,True
R2-DD-04-S,signal_runner,901,R2-DD-04-S,short,SOXS,,next_bar,signal_defs.py,254,direction_agreement,0.515748031496063,0.3302938380868398,"一致率=0.516, N=254, direction=short",False,0.5422885572139303,False,0.545,False,0.05511811023622043,True,0.0,False,unconditional,bool,True
R2-DD-04-S,signal_runner,901,R2-DD-04-S,short,TQQQ,,next_bar,signal_defs.py,254,direction_agreement,0.4015748031496063,0.999336020361009,"一致率=0.402, N=254, direction=short",False,0.9651741293532339,False,0.545,False,0.19685039370078744,True,0.0,False,unconditional,bool,True
R2-DD-04-S,signal_runner,901,R2-DD-04-S,short,SQQQ,,next_bar,signal_defs.py,254,direction_agreement,0.5905511811023622,0.002326801610384477,"一致率=0.591, N=254, direction=short",False,0.04477611940298507,True,0.545,False,0.1929133858267716,True,0.0,False,unconditional,bool,True
R2-DD-04-S,signal_runner,901,R2-DD-04-S,short,TECL,,next_bar,signal_defs.py,254,direction_agreement,0.421259842519685,0.9950219946916941,"一致率=0.421, N=254, direction=short",False,0.8656716417910447,False,0.545,False,0.14960629921259844,True,0.0,False,unconditional,bool,True
R2-DD-04-S,signal_runner,901,R2-DD-04-S,short,TECS,,next_bar,signal_defs.py,254,direction_agreement,0.562992125984252,0.025773577459161822,"一致率=0.563, N=254, direction=short",False,0.22388059701492538,False,0.545,False,0.14173228346456695,True,0.0,False,unconditional,bool,True
R2-DD-04-S,signal_runner,901,R2-DD-04-S,short,TNA,,next_bar,signal_defs.py,254,direction_agreement,0.4409448818897638,0.9742264225408381,"一致率=0.441, N=254, direction=short",False,0.9651741293532339,False,0.545,False,0.11417322834645671,True,0.0,False,unconditional,bool,True
R2-DD-04-S,signal_runner,901,R2-DD-04-S,short,TZA,,next_bar,signal_defs.py,254,direction_agreement,0.547244094488189,0.07441727761199841,"一致率=0.547, N=254, direction=short",False,0.07462686567164178,False,0.545,False,0.09842519685039375,True,0.0,False,unconditional,bool,True
R2-DD-04-S,signal_runner,901,R2-DD-04-S,short,SPXL,,next_bar,signal_defs.py,254,direction_agreement,0.40551181102362205,0.9989759753060775,"一致率=0.406, N=254, direction=short",False,0.9900497512437811,False,0.545,False,0.18897637795275596,True,0.0,False,unconditional,bool,True
R2-DD-04-S,signal_runner,901,R2-DD-04-S,short,VIXY,,next_bar,signal_defs.py,254,direction_agreement,0.6181102362204725,0.00010051123585697304,"一致率=0.618, N=254, direction=short",False,0.23880597014925373,False,0.545,False,0.24803149606299213,True,1.0,True,unconditional,bool,True
R2-DD-05,signal_runner,901,R2-DD-05,long,SOXL,,next_bar,signal_defs.py,0,error,0.0,,Error in screen_signal: AttributeError: 'numpy.ndarray' object has no attribute 'index',False,,,,,True
R2-DD-05,signal_runner,901,R2-DD-05,long,SOXS,,next_bar,signal_defs.py,0,error,0.0,,Error in screen_signal: AttributeError: 'numpy.ndarray' object has no attribute 'index',False,,,,,True
R2-DD-05,signal_runner,901,R2-DD-05,long,TQQQ,,next_bar,signal_defs.py,0,error,0.0,,Error in screen_signal: AttributeError: 'numpy.ndarray' object has no attribute 'index',False,,,,,True
R2-DD-05,signal_runner,901,R2-DD-05,long,SQQQ,,next_bar,signal_defs.py,0,error,0.0,,Error in screen_signal: AttributeError: 'numpy.ndarray' object has no attribute 'index',False,,,,,True
R2-DD-05,signal_runner,901,R2-DD-05,long,TECL,,next_bar,signal_defs.py,0,error,0.0,,Error in screen_signal: AttributeError: 'numpy.ndarray' object has no attribute 'index',False,,,,,True
R2-DD-05,signal_runner,901,R2-DD-05,long,TECS,,next_bar,signal_defs.py,0,error,0.0,,Error in screen_signal: AttributeError: 'numpy.ndarray' object has no attribute 'index',False,,,,,True
R2-DD-05,signal_runner,901,R2-DD-05,long,TNA,,next_bar,signal_defs.py,0,error,0.0,,Error in screen_signal: AttributeError: 'numpy.ndarray' object has no attribute 'index',False,,,,,True
R2-DD-05,signal_runner,901,R2-DD-05,long,TZA,,next_bar,signal_defs.py,0,error,0.0,,Error in screen_signal: AttributeError: 'numpy.ndarray' object has no attribute 'index',False,,,,,True
R2-DD-05,signal_runner,901,R2-DD-05,long,SPXL,,next_bar,signal_defs.py,0,error,0.0,,Error in screen_signal: AttributeError: 'numpy.ndarray' object has no attribute 'index',False,,,,,True
R2-DD-05,signal_runner,901,R2-DD-05,long,VIXY,,next_bar,signal_defs.py,0,error,0.0,,Error in screen_signal: AttributeError: 'numpy.ndarray' object has no attribute 'index',False,,,,,True
R2-DD-05-S,signal_runner,901,R2-DD-05-S,short,SOXL,,next_bar,signal_defs.py,0,error,0.0,,Error in screen_signal: AttributeError: 'numpy.ndarray' object has no attribute 'index',False,,,,,True
R2-DD-05-S,signal_runner,901,R2-DD-05-S,short,SOXS,,next_bar,signal_defs.py,0,error,0.0,,Error in screen_signal: AttributeError: 'numpy.ndarray' object has no attribute 'index',False,,,,,True
R2-DD-05-S,signal_runner,901,R2-DD-05-S,short,TQQQ,,next_bar,signal_defs.py,0,error,0.0,,Error in screen_signal: AttributeError: 'numpy.ndarray' object has no attribute 'index',False,,,,,True
R2-DD-05-S,signal_runner,901,R2-DD-05-S,short,SQQQ,,next_bar,signal_defs.py,0,error,0.0,,Error in screen_signal: AttributeError: 'numpy.ndarray' object has no attribute 'index',False,,,,,True
R2-DD-05-S,signal_runner,901,R2-DD-05-S,short,TECL,,next_bar,signal_defs.py,0,error,0.0,,Error in screen_signal: AttributeError: 'numpy.ndarray' object has no attribute 'index',False,,,,,True
R2-DD-05-S,signal_runner,901,R2-DD-05-S,short,TECS,,next_bar,signal_defs.py,0,error,0.0,,Error in screen_signal: AttributeError: 'numpy.ndarray' object has no attribute 'index',False,,,,,True
R2-DD-05-S,signal_runner,901,R2-DD-05-S,short,TNA,,next_bar,signal_defs.py,0,error,0.0,,Error in screen_signal: AttributeError: 'numpy.ndarray' object has no attribute 'index',False,,,,,True
R2-DD-05-S,signal_runner,901,R2-DD-05-S,short,TZA,,next_bar,signal_defs.py,0,error,0.0,,Error in screen_signal: AttributeError: 'numpy.ndarray' object has no attribute 'index',False,,,,,True
R2-DD-05-S,signal_runner,901,R2-DD-05-S,short,SPXL,,next_bar,signal_defs.py,0,error,0.0,,Error in screen_signal: AttributeError: 'numpy.ndarray' object has no attribute 'index',False,,,,,True
R2-DD-05-S,signal_runner,901,R2-DD-05-S,short,VIXY,,next_bar,signal_defs.py,0,error,0.0,,Error in screen_signal: AttributeError: 'numpy.ndarray' object has no attribute 'index',False,,,,,True
R2-XA-SPY,signal_runner,902,R2-XA-SPY,long,SOXL,,next_bar,signal_defs.py,0,spearman_r,0.0,,N=0 < 30: サンプル不足,False,,,,,,,,,unconditional,float,True
R2-XA-SPY,signal_runner,902,R2-XA-SPY,long,SOXS,,next_bar,signal_defs.py,0,spearman_r,0.0,,N=0 < 30: サンプル不足,False,,,,,,,,,unconditional,float,True
R2-XA-SPY,signal_runner,902,R2-XA-SPY,long,TQQQ,,next_bar,signal_defs.py,0,spearman_r,0.0,,N=0 < 30: サンプル不足,False,,,,,,,,,unconditional,float,True
R2-XA-SPY,signal_runner,902,R2-XA-SPY,long,SQQQ,,next_bar,signal_defs.py,0,spearman_r,0.0,,N=0 < 30: サンプル不足,False,,,,,,,,,unconditional,float,True
R2-XA-SPY,signal_runner,902,R2-XA-SPY,long,TECL,,next_bar,signal_defs.py,0,spearman_r,0.0,,N=0 < 30: サンプル不足,False,,,,,,,,,unconditional,float,True
R2-XA-SPY,signal_runner,902,R2-XA-SPY,long,TECS,,next_bar,signal_defs.py,0,spearman_r,0.0,,N=0 < 30: サンプル不足,False,,,,,,,,,unconditional,float,True
R2-XA-SPY,signal_runner,902,R2-XA-SPY,long,TNA,,next_bar,signal_defs.py,0,spearman_r,0.0,,N=0 < 30: サンプル不足,False,,,,,,,,,unconditional,float,True
R2-XA-SPY,signal_runner,902,R2-XA-SPY,long,TZA,,next_bar,signal_defs.py,0,spearman_r,0.0,,N=0 < 30: サンプル不足,False,,,,,,,,,unconditional,float,True
R2-XA-SPY,signal_runner,902,R2-XA-SPY,long,SPXL,,next_bar,signal_defs.py,0,spearman_r,0.0,,N=0 < 30: サンプル不足,False,,,,,,,,,unconditional,float,True
R2-XA-SPY,signal_runner,902,R2-XA-SPY,long,VIXY,,next_bar,signal_defs.py,0,spearman_r,0.0,,N=0 < 30: サンプル不足,False,,,,,,,,,unconditional,float,True
R2-XA-SPY-S,signal_runner,902,R2-XA-SPY-S,short,SOXL,,next_bar,signal_defs.py,0,spearman_r,0.0,,N=0 < 30: サンプル不足,False,,,,,,,,,unconditional,float,True
R2-XA-SPY-S,signal_runner,902,R2-XA-SPY-S,short,SOXS,,next_bar,signal_defs.py,0,spearman_r,0.0,,N=0 < 30: サンプル不足,False,,,,,,,,,unconditional,float,True
R2-XA-SPY-S,signal_runner,902,R2-XA-SPY-S,short,TQQQ,,next_bar,signal_defs.py,0,spearman_r,0.0,,N=0 < 30: サンプル不足,False,,,,,,,,,unconditional,float,True
R2-XA-SPY-S,signal_runner,902,R2-XA-SPY-S,short,SQQQ,,next_bar,signal_defs.py,0,spearman_r,0.0,,N=0 < 30: サンプル不足,False,,,,,,,,,unconditional,float,True
R2-XA-SPY-S,signal_runner,902,R2-XA-SPY-S,short,TECL,,next_bar,signal_defs.py,0,spearman_r,0.0,,N=0 < 30: サンプル不足,False,,,,,,,,,unconditional,float,True
R2-XA-SPY-S,signal_runner,902,R2-XA-SPY-S,short,TECS,,next_bar,signal_defs.py,0,spearman_r,0.0,,N=0 < 30: サンプル不足,False,,,,,,,,,unconditional,float,True
R2-XA-SPY-S,signal_runner,902,R2-XA-SPY-S,short,TNA,,next_bar,signal_defs.py,0,spearman_r,0.0,,N=0 < 30: サンプル不足,False,,,,,,,,,unconditional,float,True
R2-XA-SPY-S,signal_runner,902,R2-XA-SPY-S,short,TZA,,next_bar,signal_defs.py,0,spearman_r,0.0,,N=0 < 30: サンプル不足,False,,,,,,,,,unconditional,float,True
R2-XA-SPY-S,signal_runner,902,R2-XA-SPY-S,short,SPXL,,next_bar,signal_defs.py,0,spearman_r,0.0,,N=0 < 30: サンプル不足,False,,,,,,,,,unconditional,float,True
R2-XA-SPY-S,signal_runner,902,R2-XA-SPY-S,short,VIXY,,next_bar,signal_defs.py,0,spearman_r,0.0,,N=0 < 30: サンプル不足,False,,,,,,,,,unconditional,float,True
R2-XA-QQQ,signal_runner,902,R2-XA-QQQ,long,SOXL,,next_bar,signal_defs.py,0,spearman_r,0.0,,N=0 < 30: サンプル不足,False,,,,,,,,,unconditional,float,True
R2-XA-QQQ,signal_runner,902,R2-XA-QQQ,long,SOXS,,next_bar,signal_defs.py,0,spearman_r,0.0,,N=0 < 30: サンプル不足,False,,,,,,,,,unconditional,float,True
R2-XA-QQQ,signal_runner,902,R2-XA-QQQ,long,TQQQ,,next_bar,signal_defs.py,0,spearman_r,0.0,,N=0 < 30: サンプル不足,False,,,,,,,,,unconditional,float,True
R2-XA-QQQ,signal_runner,902,R2-XA-QQQ,long,SQQQ,,next_bar,signal_defs.py,0,spearman_r,0.0,,N=0 < 30: サンプル不足,False,,,,,,,,,unconditional,float,True
R2-XA-QQQ,signal_runner,902,R2-XA-QQQ,long,TECL,,next_bar,signal_defs.py,0,spearman_r,0.0,,N=0 < 30: サンプル不足,False,,,,,,,,,unconditional,float,True
R2-XA-QQQ,signal_runner,902,R2-XA-QQQ,long,TECS,,next_bar,signal_defs.py,0,spearman_r,0.0,,N=0 < 30: サンプル不足,False,,,,,,,,,unconditional,float,True
R2-XA-QQQ,signal_runner,902,R2-XA-QQQ,long,TNA,,next_bar,signal_defs.py,0,spearman_r,0.0,,N=0 < 30: サンプル不足,False,,,,,,,,,unconditional,float,True
R2-XA-QQQ,signal_runner,902,R2-XA-QQQ,long,TZA,,next_bar,signal_defs.py,0,spearman_r,0.0,,N=0 < 30: サンプル不足,False,,,,,,,,,unconditional,float,True
R2-XA-QQQ,signal_runner,902,R2-XA-QQQ,long,SPXL,,next_bar,signal_defs.py,0,spearman_r,0.0,,N=0 < 30: サンプル不足,False,,,,,,,,,unconditional,float,True
R2-XA-QQQ,signal_runner,902,R2-XA-QQQ,long,VIXY,,next_bar,signal_defs.py,0,spearman_r,0.0,,N=0 < 30: サンプル不足,False,,,,,,,,,unconditional,float,True
R2-XA-QQQ-S,signal_runner,902,R2-XA-QQQ-S,short,SOXL,,next_bar,signal_defs.py,0,spearman_r,0.0,,N=0 < 30: サンプル不足,False,,,,,,,,,unconditional,float,True
R2-XA-QQQ-S,signal_runner,902,R2-XA-QQQ-S,short,SOXS,,next_bar,signal_defs.py,0,spearman_r,0.0,,N=0 < 30: サンプル不足,False,,,,,,,,,unconditional,float,True
R2-XA-QQQ-S,signal_runner,902,R2-XA-QQQ-S,short,TQQQ,,next_bar,signal_defs.py,0,spearman_r,0.0,,N=0 < 30: サンプル不足,False,,,,,,,,,unconditional,float,True
R2-XA-QQQ-S,signal_runner,902,R2-XA-QQQ-S,short,SQQQ,,next_bar,signal_defs.py,0,spearman_r,0.0,,N=0 < 30: サンプル不足,False,,,,,,,,,unconditional,float,True
R2-XA-QQQ-S,signal_runner,902,R2-XA-QQQ-S,short,TECL,,next_bar,signal_defs.py,0,spearman_r,0.0,,N=0 < 30: サンプル不足,False,,,,,,,,,unconditional,float,True
R2-XA-QQQ-S,signal_runner,902,R2-XA-QQQ-S,short,TECS,,next_bar,signal_defs.py,0,spearman_r,0.0,,N=0 < 30: サンプル不足,False,,,,,,,,,unconditional,float,True
R2-XA-QQQ-S,signal_runner,902,R2-XA-QQQ-S,short,TNA,,next_bar,signal_defs.py,0,spearman_r,0.0,,N=0 < 30: サンプル不足,False,,,,,,,,,unconditional,float,True
R2-XA-QQQ-S,signal_runner,902,R2-XA-QQQ-S,short,TZA,,next_bar,signal_defs.py,0,spearman_r,0.0,,N=0 < 30: サンプル不足,False,,,,,,,,,unconditional,float,True
R2-XA-QQQ-S,signal_runner,902,R2-XA-QQQ-S,short,SPXL,,next_bar,signal_defs.py,0,spearman_r,0.0,,N=0 < 30: サンプル不足,False,,,,,,,,,unconditional,float,True
R2-XA-QQQ-S,signal_runner,902,R2-XA-QQQ-S,short,VIXY,,next_bar,signal_defs.py,0,spearman_r,0.0,,N=0 < 30: サンプル不足,False,,,,,,,,,unconditional,float,True
R2-XA-HYG,signal_runner,902,R2-XA-HYG,long,SOXL,,next_bar,signal_defs.py,0,spearman_r,0.0,,N=0 < 30: サンプル不足,False,,,,,,,,,unconditional,float,True
R2-XA-HYG,signal_runner,902,R2-XA-HYG,long,SOXS,,next_bar,signal_defs.py,0,spearman_r,0.0,,N=0 < 30: サンプル不足,False,,,,,,,,,unconditional,float,True
R2-XA-HYG,signal_runner,902,R2-XA-HYG,long,TQQQ,,next_bar,signal_defs.py,0,spearman_r,0.0,,N=0 < 30: サンプル不足,False,,,,,,,,,unconditional,float,True
R2-XA-HYG,signal_runner,902,R2-XA-HYG,long,SQQQ,,next_bar,signal_defs.py,0,spearman_r,0.0,,N=0 < 30: サンプル不足,False,,,,,,,,,unconditional,float,True
R2-XA-HYG,signal_runner,902,R2-XA-HYG,long,TECL,,next_bar,signal_defs.py,0,spearman_r,0.0,,N=0 < 30: サンプル不足,False,,,,,,,,,unconditional,float,True
R2-XA-HYG,signal_runner,902,R2-XA-HYG,long,TECS,,next_bar,signal_defs.py,0,spearman_r,0.0,,N=0 < 30: サンプル不足,False,,,,,,,,,unconditional,float,True
R2-XA-HYG,signal_runner,902,R2-XA-HYG,long,TNA,,next_bar,signal_defs.py,0,spearman_r,0.0,,N=0 < 30: サンプル不足,False,,,,,,,,,unconditional,float,True
R2-XA-HYG,signal_runner,902,R2-XA-HYG,long,TZA,,next_bar,signal_defs.py,0,spearman_r,0.0,,N=0 < 30: サンプル不足,False,,,,,,,,,unconditional,float,True
R2-XA-HYG,signal_runner,902,R2-XA-HYG,long,SPXL,,next_bar,signal_defs.py,0,spearman_r,0.0,,N=0 < 30: サンプル不足,False,,,,,,,,,unconditional,float,True
R2-XA-HYG,signal_runner,902,R2-XA-HYG,long,VIXY,,next_bar,signal_defs.py,0,spearman_r,0.0,,N=0 < 30: サンプル不足,False,,,,,,,,,unconditional,float,True
R2-XA-HYG-S,signal_runner,902,R2-XA-HYG-S,short,SOXL,,next_bar,signal_defs.py,0,spearman_r,0.0,,N=0 < 30: サンプル不足,False,,,,,,,,,unconditional,float,True
R2-XA-HYG-S,signal_runner,902,R2-XA-HYG-S,short,SOXS,,next_bar,signal_defs.py,0,spearman_r,0.0,,N=0 < 30: サンプル不足,False,,,,,,,,,unconditional,float,True
R2-XA-HYG-S,signal_runner,902,R2-XA-HYG-S,short,TQQQ,,next_bar,signal_defs.py,0,spearman_r,0.0,,N=0 < 30: サンプル不足,False,,,,,,,,,unconditional,float,True
R2-XA-HYG-S,signal_runner,902,R2-XA-HYG-S,short,SQQQ,,next_bar,signal_defs.py,0,spearman_r,0.0,,N=0 < 30: サンプル不足,False,,,,,,,,,unconditional,float,True
R2-XA-HYG-S,signal_runner,902,R2-XA-HYG-S,short,TECL,,next_bar,signal_defs.py,0,spearman_r,0.0,,N=0 < 30: サンプル不足,False,,,,,,,,,unconditional,float,True
R2-XA-HYG-S,signal_runner,902,R2-XA-HYG-S,short,TECS,,next_bar,signal_defs.py,0,spearman_r,0.0,,N=0 < 30: サンプル不足,False,,,,,,,,,unconditional,float,True
R2-XA-HYG-S,signal_runner,902,R2-XA-HYG-S,short,TNA,,next_bar,signal_defs.py,0,spearman_r,0.0,,N=0 < 30: サンプル不足,False,,,,,,,,,unconditional,float,True
R2-XA-HYG-S,signal_runner,902,R2-XA-HYG-S,short,TZA,,next_bar,signal_defs.py,0,spearman_r,0.0,,N=0 < 30: サンプル不足,False,,,,,,,,,unconditional,float,True
R2-XA-HYG-S,signal_runner,902,R2-XA-HYG-S,short,SPXL,,next_bar,signal_defs.py,0,spearman_r,0.0,,N=0 < 30: サンプル不足,False,,,,,,,,,unconditional,float,True
R2-XA-HYG-S,signal_runner,902,R2-XA-HYG-S,short,VIXY,,next_bar,signal_defs.py,0,spearman_r,0.0,,N=0 < 30: サンプル不足,False,,,,,,,,,unconditional,float,True
R2-XA-TLT,signal_runner,902,R2-XA-TLT,long,SOXL,,next_bar,signal_defs.py,0,spearman_r,0.0,,N=0 < 30: サンプル不足,False,,,,,,,,,unconditional,float,True
R2-XA-TLT,signal_runner,902,R2-XA-TLT,long,SOXS,,next_bar,signal_defs.py,0,spearman_r,0.0,,N=0 < 30: サンプル不足,False,,,,,,,,,unconditional,float,True
R2-XA-TLT,signal_runner,902,R2-XA-TLT,long,TQQQ,,next_bar,signal_defs.py,0,spearman_r,0.0,,N=0 < 30: サンプル不足,False,,,,,,,,,unconditional,float,True
R2-XA-TLT,signal_runner,902,R2-XA-TLT,long,SQQQ,,next_bar,signal_defs.py,0,spearman_r,0.0,,N=0 < 30: サンプル不足,False,,,,,,,,,unconditional,float,True
R2-XA-TLT,signal_runner,902,R2-XA-TLT,long,TECL,,next_bar,signal_defs.py,0,spearman_r,0.0,,N=0 < 30: サンプル不足,False,,,,,,,,,unconditional,float,True
R2-XA-TLT,signal_runner,902,R2-XA-TLT,long,TECS,,next_bar,signal_defs.py,0,spearman_r,0.0,,N=0 < 30: サンプル不足,False,,,,,,,,,unconditional,float,True
R2-XA-TLT,signal_runner,902,R2-XA-TLT,long,TNA,,next_bar,signal_defs.py,0,spearman_r,0.0,,N=0 < 30: サンプル不足,False,,,,,,,,,unconditional,float,True
R2-XA-TLT,signal_runner,902,R2-XA-TLT,long,TZA,,next_bar,signal_defs.py,0,spearman_r,0.0,,N=0 < 30: サンプル不足,False,,,,,,,,,unconditional,float,True
R2-XA-TLT,signal_runner,902,R2-XA-TLT,long,SPXL,,next_bar,signal_defs.py,0,spearman_r,0.0,,N=0 < 30: サンプル不足,False,,,,,,,,,unconditional,float,True
R2-XA-TLT,signal_runner,902,R2-XA-TLT,long,VIXY,,next_bar,signal_defs.py,0,spearman_r,0.0,,N=0 < 30: サンプル不足,False,,,,,,,,,unconditional,float,True
R2-XA-TLT-S,signal_runner,902,R2-XA-TLT-S,short,SOXL,,next_bar,signal_defs.py,0,spearman_r,0.0,,N=0 < 30: サンプル不足,False,,,,,,,,,unconditional,float,True
R2-XA-TLT-S,signal_runner,902,R2-XA-TLT-S,short,SOXS,,next_bar,signal_defs.py,0,spearman_r,0.0,,N=0 < 30: サンプル不足,False,,,,,,,,,unconditional,float,True
R2-XA-TLT-S,signal_runner,902,R2-XA-TLT-S,short,TQQQ,,next_bar,signal_defs.py,0,spearman_r,0.0,,N=0 < 30: サンプル不足,False,,,,,,,,,unconditional,float,True
R2-XA-TLT-S,signal_runner,902,R2-XA-TLT-S,short,SQQQ,,next_bar,signal_defs.py,0,spearman_r,0.0,,N=0 < 30: サンプル不足,False,,,,,,,,,unconditional,float,True
R2-XA-TLT-S,signal_runner,902,R2-XA-TLT-S,short,TECL,,next_bar,signal_defs.py,0,spearman_r,0.0,,N=0 < 30: サンプル不足,False,,,,,,,,,unconditional,float,True
R2-XA-TLT-S,signal_runner,902,R2-XA-TLT-S,short,TECS,,next_bar,signal_defs.py,0,spearman_r,0.0,,N=0 < 30: サンプル不足,False,,,,,,,,,unconditional,float,True
R2-XA-TLT-S,signal_runner,902,R2-XA-TLT-S,short,TNA,,next_bar,signal_defs.py,0,spearman_r,0.0,,N=0 < 30: サンプル不足,False,,,,,,,,,unconditional,float,True
R2-XA-TLT-S,signal_runner,902,R2-XA-TLT-S,short,TZA,,next_bar,signal_defs.py,0,spearman_r,0.0,,N=0 < 30: サンプル不足,False,,,,,,,,,unconditional,float,True
R2-XA-TLT-S,signal_runner,902,R2-XA-TLT-S,short,SPXL,,next_bar,signal_defs.py,0,spearman_r,0.0,,N=0 < 30: サンプル不足,False,,,,,,,,,unconditional,float,True
R2-XA-TLT-S,signal_runner,902,R2-XA-TLT-S,short,VIXY,,next_bar,signal_defs.py,0,spearman_r,0.0,,N=0 < 30: サンプル不足,False,,,,,,,,,unconditional,float,True
R2-TD-01,signal_runner,903,R2-TD-01,long,SOXL,,next_bar,signal_defs.py,97461,spearman_r,0.029168666209422413,8.398240226627985e-20,"Spearman r=0.0292, p=0.0000, direction=long",True,0.004975124378109453,True,0.545,False,0.0,False,1.0,True,unconditional,float,True
R2-TD-01,signal_runner,903,R2-TD-01,long,SOXS,,next_bar,signal_defs.py,97461,spearman_r,0.03125591120027863,1.6721744533637197e-22,"Spearman r=0.0313, p=0.0000, direction=long",True,0.004975124378109453,True,0.46,False,0.0,False,1.0,True,unconditional,float,True
R2-TD-01,signal_runner,903,R2-TD-01,long,TQQQ,,next_bar,signal_defs.py,97461,spearman_r,0.023956986569419365,7.429551459482247e-14,"Spearman r=0.0240, p=0.0000, direction=long",True,0.004975124378109453,True,0.54,False,0.0,False,1.0,True,unconditional,float,True
R2-TD-01,signal_runner,903,R2-TD-01,long,SQQQ,,next_bar,signal_defs.py,97461,spearman_r,0.02488547571016876,7.846345500368587e-15,"Spearman r=0.0249, p=0.0000, direction=long",False,0.004975124378109453,True,0.455,False,0.0,False,0.0,False,unconditional,float,True
R2-TD-01,signal_runner,903,R2-TD-01,long,TECL,,next_bar,signal_defs.py,97436,spearman_r,0.023711142015919288,1.338285482403326e-13,"Spearman r=0.0237, p=0.0000, direction=long",True,0.004975124378109453,True,0.52,False,0.0,False,1.0,True,unconditional,float,True
R2-TD-01,signal_runner,903,R2-TD-01,long,TECS,,next_bar,signal_defs.py,97197,spearman_r,0.024489827505946263,2.2389746227936478e-14,"Spearman r=0.0245, p=0.0000, direction=long",False,0.004975124378109453,True,0.515,False,0.0,False,0.0,False,unconditional,float,True
R2-TD-01,signal_runner,903,R2-TD-01,long,SPXL,,next_bar,signal_defs.py,97461,spearman_r,0.018260270172866272,1.1908621034494999e-08,"Spearman r=0.0183, p=0.0000, direction=long",True,0.004975124378109453,True,0.55,False,0.0,False,1.0,True,unconditional,float,True
R2-TD-01,signal_runner,903,R2-TD-01,long,TNA,,next_bar,signal_defs.py,97461,spearman_r,0.02147662960070459,2.0082594384007786e-11,"Spearman r=0.0215, p=0.0000, direction=long",True,0.004975124378109453,True,0.475,False,0.0,False,1.0,True,unconditional,float,True
R2-TD-01,signal_runner,903,R2-TD-01,long,TZA,,next_bar,signal_defs.py,97461,spearman_r,0.022923517961223563,8.22916463990024e-13,"Spearman r=0.0229, p=0.0000, direction=long",True,0.004975124378109453,True,0.525,False,0.0,False,1.0,True,unconditional,float,True
R2-TD-01,signal_runner,903,R2-TD-01,long,VIXY,,next_bar,signal_defs.py,97426,spearman_r,0.020880413030390912,7.122292594410682e-11,"Spearman r=0.0209, p=0.0000, direction=long",False,0.004975124378109453,True,0.51,False,0.0,False,0.0,False,unconditional,float,True
R2-TD-01,signal_runner,903,R2-TD-01,long,SOXX,,next_bar,signal_defs.py,97450,spearman_r,0.029786443748630695,1.3995369118172697e-20,"Spearman r=0.0298, p=0.0000, direction=long",True,0.004975124378109453,True,0.47,False,0.0,False,1.0,True,unconditional,float,True
R2-TD-01,signal_runner,903,R2-TD-01,long,SPY,,next_bar,signal_defs.py,97461,spearman_r,0.018562963366127314,6.809801361827844e-09,"Spearman r=0.0186, p=0.0000, direction=long",True,0.004975124378109453,True,0.56,False,0.0,False,1.0,True,unconditional,float,True
R2-TD-01,signal_runner,903,R2-TD-01,long,QQQ,,next_bar,signal_defs.py,97461,spearman_r,0.024438818579233034,2.337833145295499e-14,"Spearman r=0.0244, p=0.0000, direction=long",True,0.004975124378109453,True,0.545,False,0.0,False,1.0,True,unconditional,float,True
R2-TD-01,signal_runner,903,R2-TD-01,long,HYG,,next_bar,signal_defs.py,97461,spearman_r,0.018757423663769965,4.733721004118972e-09,"Spearman r=0.0188, p=0.0000, direction=long",True,0.004975124378109453,True,0.48,False,0.0,False,1.0,True,unconditional,float,True
R2-TD-01,signal_runner,903,R2-TD-01,long,TLT,,next_bar,signal_defs.py,97461,spearman_r,0.019509777465433215,1.1206104670169784e-09,"Spearman r=0.0195, p=0.0000, direction=long",True,0.004975124378109453,True,0.475,False,0.0,False,1.0,True,unconditional,float,True
R2-TD-01,signal_runner,903,R2-TD-01,long,USO,,next_bar,signal_defs.py,97461,spearman_r,0.005828838925271804,0.06880737880098452,"Spearman r=0.0058, p=0.0688, direction=long",True,0.03980099502487562,True,0.49,False,0.0,False,1.0,True,unconditional,float,True
R2-TD-01,signal_runner,903,R2-TD-01,long,UUP,,next_bar,signal_defs.py,93773,spearman_r,0.01323431333918479,5.061154824904413e-05,"Spearman r=0.0132, p=0.0001, direction=long",True,0.004975124378109453,True,0.48,False,0.0,False,1.0,True,unconditional,float,True
R2-TD-01,signal_runner,903,R2-TD-01,long,IWM,,next_bar,signal_defs.py,97461,spearman_r,0.022206762959969116,4.107323499669302e-12,"Spearman r=0.0222, p=0.0000, direction=long",True,0.004975124378109453,True,0.465,False,0.0,False,1.0,True,unconditional,float,True
R2-TD-01-S,signal_runner,903,R2-TD-01-S,short,SOXL,,next_bar,signal_defs.py,97461,spearman_r,0.029168666209422413,8.398240226627985e-20,"Spearman r=0.0292, p=0.0000, direction=short",False,0.004975124378109453,True,0.455,False,0.0,False,1.0,True,unconditional,float,True
R2-TD-01-S,signal_runner,903,R2-TD-01-S,short,SOXS,,next_bar,signal_defs.py,97461,spearman_r,0.03125591120027863,1.6721744533637197e-22,"Spearman r=0.0313, p=0.0000, direction=short",False,0.004975124378109453,True,0.54,False,0.0,False,0.0,False,unconditional,float,True
R2-TD-01-S,signal_runner,903,R2-TD-01-S,short,TQQQ,,next_bar,signal_defs.py,97461,spearman_r,0.023956986569419365,7.429551459482247e-14,"Spearman r=0.0240, p=0.0000, direction=short",False,0.004975124378109453,True,0.46,False,0.0,False,1.0,True,unconditional,float,True
R2-TD-01-S,signal_runner,903,R2-TD-01-S,short,SQQQ,,next_bar,signal_defs.py,97461,spearman_r,0.02488547571016876,7.846345500368587e-15,"Spearman r=0.0249, p=0.0000, direction=short",False,0.004975124378109453,True,0.545,False,0.0,False,0.0,False,unconditional,float,True
R2-TD-01-S,signal_runner,903,R2-TD-01-S,short,TECL,,next_bar,signal_defs.py,97436,spearman_r,0.023711142015919288,1.338285482403326e-13,"Spearman r=0.0237, p=0.0000, direction=short",False,0.004975124378109453,True,0.48,False,0.0,False,1.0,True,unconditional,float,True
R2-TD-01-S,signal_runner,903,R2-TD-01-S,short,TECS,,next_bar,signal_defs.py,97197,spearman_r,0.024489827505946263,2.2389746227936478e-14,"Spearman r=0.0245, p=0.0000, direction=short",False,0.004975124378109453,True,0.485,False,0.0,False,0.0,False,unconditional,float,True
R2-TD-01-S,signal_runner,903,R2-TD-01-S,short,SPXL,,next_bar,signal_defs.py,97461,spearman_r,0.018260270172866272,1.1908621034494999e-08,"Spearman r=0.0183, p=0.0000, direction=short",False,0.004975124378109453,True,0.45,False,0.0,False,1.0,True,unconditional,float,True
R2-TD-01-S,signal_runner,903,R2-TD-01-S,short,TNA,,next_bar,signal_defs.py,97461,spearman_r,0.02147662960070459,2.0082594384007786e-11,"Spearman r=0.0215, p=0.0000, direction=short",False,0.004975124378109453,True,0.525,False,0.0,False,1.0,True,unconditional,float,True
R2-TD-01-S,signal_runner,903,R2-TD-01-S,short,TZA,,next_bar,signal_defs.py,97461,spearman_r,0.022923517961223563,8.22916463990024e-13,"Spearman r=0.0229, p=0.0000, direction=short",False,0.004975124378109453,True,0.475,False,0.0,False,0.0,False,unconditional,float,True
R2-TD-01-S,signal_runner,903,R2-TD-01-S,short,VIXY,,next_bar,signal_defs.py,97426,spearman_r,0.020880413030390912,7.122292594410682e-11,"Spearman r=0.0209, p=0.0000, direction=short",False,0.004975124378109453,True,0.49,False,0.0,False,0.0,False,unconditional,float,True
R2-TD-01-S,signal_runner,903,R2-TD-01-S,short,SOXX,,next_bar,signal_defs.py,97450,spearman_r,0.029786443748630695,1.3995369118172697e-20,"Spearman r=0.0298, p=0.0000, direction=short",False,0.004975124378109453,True,0.53,False,0.0,False,0.0,False,unconditional,float,True
R2-TD-01-S,signal_runner,903,R2-TD-01-S,short,SPY,,next_bar,signal_defs.py,97461,spearman_r,0.018562963366127314,6.809801361827844e-09,"Spearman r=0.0186, p=0.0000, direction=short",False,0.004975124378109453,True,0.44,False,0.0,False,1.0,True,unconditional,float,True
R2-TD-01-S,signal_runner,903,R2-TD-01-S,short,QQQ,,next_bar,signal_defs.py,97461,spearman_r,0.024438818579233034,2.337833145295499e-14,"Spearman r=0.0244, p=0.0000, direction=short",False,0.004975124378109453,True,0.455,False,0.0,False,1.0,True,unconditional,float,True
R2-TD-01-S,signal_runner,903,R2-TD-01-S,short,HYG,,next_bar,signal_defs.py,97461,spearman_r,0.018757423663769965,4.733721004118972e-09,"Spearman r=0.0188, p=0.0000, direction=short",False,0.004975124378109453,True,0.52,False,0.0,False,0.0,False,unconditional,float,True
R2-TD-01-S,signal_runner,903,R2-TD-01-S,short,TLT,,next_bar,signal_defs.py,97461,spearman_r,0.019509777465433215,1.1206104670169784e-09,"Spearman r=0.0195, p=0.0000, direction=short",False,0.004975124378109453,True,0.525,False,0.0,False,0.0,False,unconditional,float,True
R2-TD-01-S,signal_runner,903,R2-TD-01-S,short,USO,,next_bar,signal_defs.py,97461,spearman_r,0.005828838925271804,0.06880737880098452,"Spearman r=0.0058, p=0.0688, direction=short",False,0.03980099502487562,True,0.51,False,0.0,False,1.0,True,unconditional,float,True
R2-TD-01-S,signal_runner,903,R2-TD-01-S,short,UUP,,next_bar,signal_defs.py,93773,spearman_r,0.01323431333918479,5.061154824904413e-05,"Spearman r=0.0132, p=0.0001, direction=short",False,0.004975124378109453,True,0.52,False,0.0,False,0.0,False,unconditional,float,True
R2-TD-01-S,signal_runner,903,R2-TD-01-S,short,IWM,,next_bar,signal_defs.py,97461,spearman_r,0.022206762959969116,4.107323499669302e-12,"Spearman r=0.0222, p=0.0000, direction=short",False,0.004975124378109453,True,0.535,False,0.0,False,0.0,False,unconditional,float,True
R2-TD-02,signal_runner,903,R2-TD-02,long,SOXL,,next_bar,signal_defs.py,97383,spearman_r,-0.0024143051440670394,0.45120627215605036,"Spearman r=-0.0024, p=0.4512, direction=long",False,0.8059701492537313,False,0.51,False,0.0,False,0.0,False,unconditional,float,True
R2-TD-02,signal_runner,903,R2-TD-02,long,SOXS,,next_bar,signal_defs.py,97383,spearman_r,-0.002916658341093771,0.36273290078050435,"Spearman r=-0.0029, p=0.3627, direction=long",False,0.8507462686567164,False,0.49,False,0.0,False,0.0,False,unconditional,float,True
R2-TD-02,signal_runner,903,R2-TD-02,long,TQQQ,,next_bar,signal_defs.py,97383,spearman_r,0.006268269710767499,0.05045502602342205,"Spearman r=0.0063, p=0.0505, direction=long",True,0.04477611940298507,True,0.485,False,0.0,False,1.0,True,unconditional,float,True
R2-TD-02,signal_runner,903,R2-TD-02,long,SQQQ,,next_bar,signal_defs.py,97383,spearman_r,0.005903650818026108,0.06543122112372268,"Spearman r=0.0059, p=0.0654, direction=long",False,0.04477611940298507,True,0.5,False,0.0,False,0.0,False,unconditional,float,True
R2-TD-02,signal_runner,903,R2-TD-02,long,TECL,,next_bar,signal_defs.py,97358,spearman_r,0.0034536364921484907,0.2812116567562863,"Spearman r=0.0035, p=0.2812, direction=long",False,0.13432835820895522,False,0.495,False,0.0,False,1.0,True,unconditional,float,True
R2-TD-02,signal_runner,903,R2-TD-02,long,TECS,,next_bar,signal_defs.py,97119,spearman_r,0.0017157262648265991,0.5928703949225416,"Spearman r=0.0017, p=0.5929, direction=long",False,0.30845771144278605,False,0.485,False,0.0,False,0.0,False,unconditional,float,True
R2-TD-02,signal_runner,903,R2-TD-02,long,SPXL,,next_bar,signal_defs.py,97383,spearman_r,0.005162659227265578,0.10716612948587201,"Spearman r=0.0052, p=0.1072, direction=long",False,0.06965174129353234,False,0.445,False,0.0,False,1.0,True,unconditional,float,True
R2-TD-02,signal_runner,903,R2-TD-02,long,TNA,,next_bar,signal_defs.py,97383,spearman_r,0.003070462603322572,0.3379789700966406,"Spearman r=0.0031, p=0.3380, direction=long",False,0.1890547263681592,False,0.5,False,0.0,False,1.0,True,unconditional,float,True
R2-TD-02,signal_runner,903,R2-TD-02,long,TZA,,next_bar,signal_defs.py,97383,spearman_r,0.0036395064490764278,0.2560642889958592,"Spearman r=0.0036, p=0.2561, direction=long",False,0.16417910447761194,False,0.5,False,0.0,False,0.0,False,unconditional,float,True
R2-TD-02,signal_runner,903,R2-TD-02,long,VIXY,,next_bar,signal_defs.py,97348,spearman_r,0.001367616925565679,0.6695978739938481,"Spearman r=0.0014, p=0.6696, direction=long",False,0.39303482587064675,False,0.46,False,0.0,False,0.0,False,unconditional,float,True
R2-TD-02,signal_runner,903,R2-TD-02,long,SOXX,,next_bar,signal_defs.py,97372,spearman_r,-0.002245497656748616,0.4834978031344509,"Spearman r=-0.0022, p=0.4835, direction=long",False,0.7661691542288557,False,0.5,False,0.0,False,1.0,True,unconditional,float,True
R2-TD-02,signal_runner,903,R2-TD-02,long,SPY,,next_bar,signal_defs.py,97383,spearman_r,0.005453177429107461,0.08880731515794761,"Spearman r=0.0055, p=0.0888, direction=long",False,0.06467661691542288,False,0.44,False,0.0,False,1.0,True,unconditional,float,True
R2-TD-02,signal_runner,903,R2-TD-02,long,QQQ,,next_bar,signal_defs.py,97383,spearman_r,0.006268209913836395,0.05045722393993735,"Spearman r=0.0063, p=0.0505, direction=long",True,0.04477611940298507,True,0.5,False,0.0,False,1.0,True,unconditional,float,True
R2-TD-02,signal_runner,903,R2-TD-02,long,HYG,,next_bar,signal_defs.py,97383,spearman_r,0.003640455378329416,0.2559403407209473,"Spearman r=0.0036, p=0.2559, direction=long",False,0.14427860696517414,False,0.515,False,0.0,False,1.0,True,unconditional,float,True
R2-TD-02,signal_runner,903,R2-TD-02,long,TLT,,next_bar,signal_defs.py,97383,spearman_r,0.004117613971435289,0.1988126096511667,"Spearman r=0.0041, p=0.1988, direction=long",False,0.0945273631840796,False,0.48,False,0.0,False,0.0,False,unconditional,float,True
R2-TD-02,signal_runner,903,R2-TD-02,long,USO,,next_bar,signal_defs.py,97383,spearman_r,0.00644431614582415,0.044322876055224864,"Spearman r=0.0064, p=0.0443, direction=long",True,0.024875621890547265,True,0.5,False,0.0,False,1.0,True,unconditional,float,True
R2-TD-02,signal_runner,903,R2-TD-02,long,UUP,,next_bar,signal_defs.py,93699,spearman_r,-0.001182504128178036,0.7173794791997183,"Spearman r=-0.0012, p=0.7174, direction=long",False,0.7064676616915423,False,0.505,False,0.0,False,0.0,False,unconditional,float,True
R2-TD-02,signal_runner,903,R2-TD-02,long,IWM,,next_bar,signal_defs.py,97383,spearman_r,0.0032301610824619475,0.3134535918123005,"Spearman r=0.0032, p=0.3135, direction=long",False,0.17412935323383086,False,0.495,False,0.0,False,1.0,True,unconditional,float,True
R2-TD-02-S,signal_runner,903,R2-TD-02-S,short,SOXL,,next_bar,signal_defs.py,97383,spearman_r,-0.0024143051440670394,0.45120627215605036,"Spearman r=-0.0024, p=0.4512, direction=short",False,0.8059701492537313,False,0.49,False,0.0,False,1.0,True,unconditional,float,True
R2-TD-02-S,signal_runner,903,R2-TD-02-S,short,SOXS,,next_bar,signal_defs.py,97383,spearman_r,-0.002916658341093771,0.36273290078050435,"Spearman r=-0.0029, p=0.3627, direction=short",False,0.8507462686567164,False,0.51,False,0.0,False,0.0,False,unconditional,float,True
R2-TD-02-S,signal_runner,903,R2-TD-02-S,short,TQQQ,,next_bar,signal_defs.py,97383,spearman_r,0.006268269710767499,0.05045502602342205,"Spearman r=0.0063, p=0.0505, direction=short",False,0.04477611940298507,True,0.515,False,0.0,False,0.0,False,unconditional,float,True
R2-TD-02-S,signal_runner,903,R2-TD-02-S,short,SQQQ,,next_bar,signal_defs.py,97383,spearman_r,0.005903650818026108,0.06543122112372268,"Spearman r=0.0059, p=0.0654, direction=short",False,0.04477611940298507,True,0.5,False,0.0,False,0.0,False,unconditional,float,True
R2-TD-02-S,signal_runner,903,R2-TD-02-S,short,TECL,,next_bar,signal_defs.py,97358,spearman_r,0.0034536364921484907,0.2812116567562863,"Spearman r=0.0035, p=0.2812, direction=short",False,0.13432835820895522,False,0.505,False,0.0,False,0.0,False,unconditional,float,True
R2-TD-02-S,signal_runner,903,R2-TD-02-S,short,TECS,,next_bar,signal_defs.py,97119,spearman_r,0.0017157262648265991,0.5928703949225416,"Spearman r=0.0017, p=0.5929, direction=short",False,0.30845771144278605,False,0.515,False,0.0,False,0.0,False,unconditional,float,True
R2-TD-02-S,signal_runner,903,R2-TD-02-S,short,SPXL,,next_bar,signal_defs.py,97383,spearman_r,0.005162659227265578,0.10716612948587201,"Spearman r=0.0052, p=0.1072, direction=short",False,0.06965174129353234,False,0.555,False,0.0,False,1.0,True,unconditional,float,True
R2-TD-02-S,signal_runner,903,R2-TD-02-S,short,TNA,,next_bar,signal_defs.py,97383,spearman_r,0.003070462603322572,0.3379789700966406,"Spearman r=0.0031, p=0.3380, direction=short",False,0.1890547263681592,False,0.5,False,0.0,False,1.0,True,unconditional,float,True
R2-TD-02-S,signal_runner,903,R2-TD-02-S,short,TZA,,next_bar,signal_defs.py,97383,spearman_r,0.0036395064490764278,0.2560642889958592,"Spearman r=0.0036, p=0.2561, direction=short",False,0.16417910447761194,False,0.5,False,0.0,False,0.0,False,unconditional,float,True
R2-TD-02-S,signal_runner,903,R2-TD-02-S,short,VIXY,,next_bar,signal_defs.py,97348,spearman_r,0.001367616925565679,0.6695978739938481,"Spearman r=0.0014, p=0.6696, direction=short",False,0.39303482587064675,False,0.54,False,0.0,False,0.0,False,unconditional,float,True
R2-TD-02-S,signal_runner,903,R2-TD-02-S,short,SOXX,,next_bar,signal_defs.py,97372,spearman_r,-0.002245497656748616,0.4834978031344509,"Spearman r=-0.0022, p=0.4835, direction=short",False,0.7661691542288557,False,0.5,False,0.0,False,1.0,True,unconditional,float,True
R2-TD-02-S,signal_runner,903,R2-TD-02-S,short,SPY,,next_bar,signal_defs.py,97383,spearman_r,0.005453177429107461,0.08880731515794761,"Spearman r=0.0055, p=0.0888, direction=short",False,0.06467661691542288,False,0.56,False,0.0,False,1.0,True,unconditional,float,True
R2-TD-02-S,signal_runner,903,R2-TD-02-S,short,QQQ,,next_bar,signal_defs.py,97383,spearman_r,0.006268209913836395,0.05045722393993735,"Spearman r=0.0063, p=0.0505, direction=short",False,0.04477611940298507,True,0.5,False,0.0,False,1.0,True,unconditional,float,True
R2-TD-02-S,signal_runner,903,R2-TD-02-S,short,HYG,,next_bar,signal_defs.py,97383,spearman_r,0.003640455378329416,0.2559403407209473,"Spearman r=0.0036, p=0.2559, direction=short",False,0.14427860696517414,False,0.485,False,0.0,False,0.0,False,unconditional,float,True
R2-TD-02-S,signal_runner,903,R2-TD-02-S,short,TLT,,next_bar,signal_defs.py,97383,spearman_r,0.004117613971435289,0.1988126096511667,"Spearman r=0.0041, p=0.1988, direction=short",False,0.0945273631840796,False,0.52,False,0.0,False,0.0,False,unconditional,float,True
R2-TD-02-S,signal_runner,903,R2-TD-02-S,short,USO,,next_bar,signal_defs.py,97383,spearman_r,0.00644431614582415,0.044322876055224864,"Spearman r=0.0064, p=0.0443, direction=short",False,0.024875621890547265,True,0.5,False,0.0,False,0.0,False,unconditional,float,True
R2-TD-02-S,signal_runner,903,R2-TD-02-S,short,UUP,,next_bar,signal_defs.py,93699,spearman_r,-0.001182504128178036,0.7173794791997183,"Spearman r=-0.0012, p=0.7174, direction=short",False,0.7064676616915423,False,0.495,False,0.0,False,0.0,False,unconditional,float,True
R2-TD-02-S,signal_runner,903,R2-TD-02-S,short,IWM,,next_bar,signal_defs.py,97383,spearman_r,0.0032301610824619475,0.3134535918123005,"Spearman r=0.0032, p=0.3135, direction=short",False,0.17412935323383086,False,0.505,False,0.0,False,1.0,True,unconditional,float,True
R2-TD-03,signal_runner,903,R2-TD-03,long,SOXL,,next_bar,signal_defs.py,97383,spearman_r,0.0034082125856454352,0.28752591577985426,"Spearman r=0.0034, p=0.2875, direction=long",False,0.16417910447761194,False,0.49,False,0.0,False,1.0,True,unconditional,float,True
R2-TD-03,signal_runner,903,R2-TD-03,long,SOXS,,next_bar,signal_defs.py,97383,spearman_r,0.0029167354591516253,0.36272021131391785,"Spearman r=0.0029, p=0.3627, direction=long",False,0.1791044776119403,False,0.515,False,0.0,False,0.0,False,unconditional,float,True
R2-TD-03,signal_runner,903,R2-TD-03,long,TQQQ,,next_bar,signal_defs.py,97383,spearman_r,0.0024869001275011505,0.43771385888641834,"Spearman r=0.0025, p=0.4377, direction=long",False,0.23383084577114427,False,0.555,False,0.0,False,1.0,True,unconditional,float,True
R2-TD-03,signal_runner,903,R2-TD-03,long,SQQQ,,next_bar,signal_defs.py,97383,spearman_r,0.001938595811262459,0.5452083347767599,"Spearman r=0.0019, p=0.5452, direction=long",False,0.2835820895522388,False,0.435,False,0.0,False,0.0,False,unconditional,float,True
R2-TD-03,signal_runner,903,R2-TD-03,long,TECL,,next_bar,signal_defs.py,97358,spearman_r,0.0027167378218727264,0.396619644056187,"Spearman r=0.0027, p=0.3966, direction=long",False,0.1791044776119403,False,0.49,False,0.0,False,1.0,True,unconditional,float,True
R2-TD-03,signal_runner,903,R2-TD-03,long,TECS,,next_bar,signal_defs.py,97119,spearman_r,0.0026830897269083365,0.4030723691392144,"Spearman r=0.0027, p=0.4031, direction=long",False,0.23880597014925373,False,0.52,False,0.0,False,0.0,False,unconditional,float,True
R2-TD-03,signal_runner,903,R2-TD-03,long,SPXL,,next_bar,signal_defs.py,97383,spearman_r,0.005156224991965462,0.10760443161058822,"Spearman r=0.0052, p=0.1076, direction=long",True,0.04975124378109453,True,0.545,False,0.0,False,1.0,True,unconditional,float,True
R2-TD-03,signal_runner,903,R2-TD-03,long,TNA,,next_bar,signal_defs.py,97383,spearman_r,0.004528744976396204,0.15758500541920295,"Spearman r=0.0045, p=0.1576, direction=long",True,0.04975124378109453,True,0.515,False,0.0,False,1.0,True,unconditional,float,True
R2-TD-03,signal_runner,903,R2-TD-03,long,TZA,,next_bar,signal_defs.py,97383,spearman_r,0.003821853927228422,0.23300791957378547,"Spearman r=0.0038, p=0.2330, direction=long",False,0.06467661691542288,False,0.5,False,0.0,False,0.0,False,unconditional,float,True
R2-TD-03,signal_runner,903,R2-TD-03,long,VIXY,,next_bar,signal_defs.py,97348,spearman_r,-0.0037837315910368326,0.23778647414861273,"Spearman r=-0.0038, p=0.2378, direction=long",False,0.8905472636815921,False,0.455,False,0.0,False,0.0,False,unconditional,float,True
R2-TD-03,signal_runner,903,R2-TD-03,long,SOXX,,next_bar,signal_defs.py,97372,spearman_r,0.0026266185087950302,0.4124363502162306,"Spearman r=0.0026, p=0.4124, direction=long",False,0.1791044776119403,False,0.53,False,0.0,False,1.0,True,unconditional,float,True
R2-TD-03,signal_runner,903,R2-TD-03,long,SPY,,next_bar,signal_defs.py,97383,spearman_r,0.005106159124450081,0.11106360705196515,"Spearman r=0.0051, p=0.1111, direction=long",False,0.05970149253731343,False,0.555,False,0.0,False,1.0,True,unconditional,float,True
R2-TD-03,signal_runner,903,R2-TD-03,long,QQQ,,next_bar,signal_defs.py,97383,spearman_r,0.00217131487727305,0.4980392759009211,"Spearman r=0.0022, p=0.4980, direction=long",False,0.2537313432835821,False,0.565,False,0.0,False,1.0,True,unconditional,float,True
R2-TD-03,signal_runner,903,R2-TD-03,long,HYG,,next_bar,signal_defs.py,97383,spearman_r,-0.0020451993616243404,0.5233288604438608,"Spearman r=-0.0020, p=0.5233, direction=long",False,0.7711442786069652,False,0.495,False,0.0,False,1.0,True,unconditional,float,True
R2-TD-03,signal_runner,903,R2-TD-03,long,TLT,,next_bar,signal_defs.py,97383,spearman_r,0.001369696978543181,0.6690692417161354,"Spearman r=0.0014, p=0.6691, direction=long",False,0.35323383084577115,False,0.48,False,0.0,False,1.0,True,unconditional,float,True
R2-TD-03,signal_runner,903,R2-TD-03,long,USO,,next_bar,signal_defs.py,97383,spearman_r,0.001208921568242787,0.7059845751582441,"Spearman r=0.0012, p=0.7060, direction=long",False,0.3681592039800995,False,0.435,False,0.0,False,0.0,False,unconditional,float,True
R2-TD-03,signal_runner,903,R2-TD-03,long,UUP,,next_bar,signal_defs.py,93699,spearman_r,0.000531599833383532,0.8707372424952592,"Spearman r=0.0005, p=0.8707, direction=long",False,0.39303482587064675,False,0.555,False,0.0,False,0.0,False,unconditional,float,True
R2-TD-03,signal_runner,903,R2-TD-03,long,IWM,,next_bar,signal_defs.py,97383,spearman_r,0.004327739489258586,0.1768511129464297,"Spearman r=0.0043, p=0.1769, direction=long",False,0.05472636815920398,False,0.5,False,0.0,False,1.0,True,unconditional,float,True
R2-TD-03-S,signal_runner,903,R2-TD-03-S,short,SOXL,,next_bar,signal_defs.py,97383,spearman_r,0.0034082125856454352,0.28752591577985426,"Spearman r=0.0034, p=0.2875, direction=short",False,0.16417910447761194,False,0.51,False,0.0,False,1.0,True,unconditional,float,True
R2-TD-03-S,signal_runner,903,R2-TD-03-S,short,SOXS,,next_bar,signal_defs.py,97383,spearman_r,0.0029167354591516253,0.36272021131391785,"Spearman r=0.0029, p=0.3627, direction=short",False,0.1791044776119403,False,0.485,False,0.0,False,0.0,False,unconditional,float,True
R2-TD-03-S,signal_runner,903,R2-TD-03-S,short,TQQQ,,next_bar,signal_defs.py,97383,spearman_r,0.0024869001275011505,0.43771385888641834,"Spearman r=0.0025, p=0.4377, direction=short",False,0.23383084577114427,False,0.445,False,0.0,False,1.0,True,unconditional,float,True
R2-TD-03-S,signal_runner,903,R2-TD-03-S,short,SQQQ,,next_bar,signal_defs.py,97383,spearman_r,0.001938595811262459,0.5452083347767599,"Spearman r=0.0019, p=0.5452, direction=short",False,0.2835820895522388,False,0.565,False,0.0,False,0.0,False,unconditional,float,True
R2-TD-03-S,signal_runner,903,R2-TD-03-S,short,TECL,,next_bar,signal_defs.py,97358,spearman_r,0.0027167378218727264,0.396619644056187,"Spearman r=0.0027, p=0.3966, direction=short",False,0.1791044776119403,False,0.51,False,0.0,False,1.0,True,unconditional,float,True
R2-TD-03-S,signal_runner,903,R2-TD-03-S,short,TECS,,next_bar,signal_defs.py,97119,spearman_r,0.0026830897269083365,0.4030723691392144,"Spearman r=0.0027, p=0.4031, direction=short",False,0.23880597014925373,False,0.48,False,0.0,False,0.0,False,unconditional,float,True
R2-TD-03-S,signal_runner,903,R2-TD-03-S,short,SPXL,,next_bar,signal_defs.py,97383,spearman_r,0.005156224991965462,0.10760443161058822,"Spearman r=0.0052, p=0.1076, direction=short",False,0.04975124378109453,True,0.455,False,0.0,False,1.0,True,unconditional,float,True
R2-TD-03-S,signal_runner,903,R2-TD-03-S,short,TNA,,next_bar,signal_defs.py,97383,spearman_r,0.004528744976396204,0.15758500541920295,"Spearman r=0.0045, p=0.1576, direction=short",False,0.04975124378109453,True,0.485,False,0.0,False,1.0,True,unconditional,float,True
R2-TD-03-S,signal_runner,903,R2-TD-03-S,short,TZA,,next_bar,signal_defs.py,97383,spearman_r,0.003821853927228422,0.23300791957378547,"Spearman r=0.0038, p=0.2330, direction=short",False,0.06467661691542288,False,0.5,False,0.0,False,0.0,False,unconditional,float,True
R2-TD-03-S,signal_runner,903,R2-TD-03-S,short,VIXY,,next_bar,signal_defs.py,97348,spearman_r,-0.0037837315910368326,0.23778647414861273,"Spearman r=-0.0038, p=0.2378, direction=short",False,0.8905472636815921,False,0.545,False,0.0,False,0.0,False,unconditional,float,True
R2-TD-03-S,signal_runner,903,R2-TD-03-S,short,SOXX,,next_bar,signal_defs.py,97372,spearman_r,0.0026266185087950302,0.4124363502162306,"Spearman r=0.0026, p=0.4124, direction=short",False,0.1791044776119403,False,0.47,False,0.0,False,1.0,True,unconditional,float,True
R2-TD-03-S,signal_runner,903,R2-TD-03-S,short,SPY,,next_bar,signal_defs.py,97383,spearman_r,0.005106159124450081,0.11106360705196515,"Spearman r=0.0051, p=0.1111, direction=short",False,0.05970149253731343,False,0.445,False,0.0,False,1.0,True,unconditional,float,True
R2-TD-03-S,signal_runner,903,R2-TD-03-S,short,QQQ,,next_bar,signal_defs.py,97383,spearman_r,0.00217131487727305,0.4980392759009211,"Spearman r=0.0022, p=0.4980, direction=short",False,0.2537313432835821,False,0.435,False,0.0,False,1.0,True,unconditional,float,True
R2-TD-03-S,signal_runner,903,R2-TD-03-S,short,HYG,,next_bar,signal_defs.py,97383,spearman_r,-0.0020451993616243404,0.5233288604438608,"Spearman r=-0.0020, p=0.5233, direction=short",False,0.7711442786069652,False,0.505,False,0.0,False,1.0,True,unconditional,float,True
R2-TD-03-S,signal_runner,903,R2-TD-03-S,short,TLT,,next_bar,signal_defs.py,97383,spearman_r,0.001369696978543181,0.6690692417161354,"Spearman r=0.0014, p=0.6691, direction=short",False,0.35323383084577115,False,0.52,False,0.0,False,1.0,True,unconditional,float,True
R2-TD-03-S,signal_runner,903,R2-TD-03-S,short,USO,,next_bar,signal_defs.py,97383,spearman_r,0.001208921568242787,0.7059845751582441,"Spearman r=0.0012, p=0.7060, direction=short",False,0.3681592039800995,False,0.565,False,0.0,False,0.0,False,unconditional,float,True
R2-TD-03-S,signal_runner,903,R2-TD-03-S,short,UUP,,next_bar,signal_defs.py,93699,spearman_r,0.000531599833383532,0.8707372424952592,"Spearman r=0.0005, p=0.8707, direction=short",False,0.39303482587064675,False,0.445,False,0.0,False,0.0,False,unconditional,float,True
R2-TD-03-S,signal_runner,903,R2-TD-03-S,short,IWM,,next_bar,signal_defs.py,97383,spearman_r,0.004327739489258586,0.1768511129464297,"Spearman r=0.0043, p=0.1769, direction=short",False,0.05472636815920398,False,0.5,False,0.0,False,1.0,True,unconditional,float,True
